Dominica,2022-01-09,101
European Union,2022-01-21,2639676
Finland,2022-01-26,48479
Finland,2022-01-19,26015
Syria,2022-01-09,16376
Cape Verde,2022-01-13,2607
Peru,2022-02-13,97908
Guatemala,2022-01-25,71692
Chile,2022-02-11,60582
Africa,2022-01-19,1845375
India,2022-01-24,6793794
Iraq,2022-01-21,49105
Pakistan,2022-01-19,661267
Russia,2022-01-29,252510
Greece,2022-01-20,68751
Dominican Republic,2022-02-11,18409
Turks and Caicos Islands,2022-01-04,122
Cuba,2022-01-11,150022
South Korea,2022-01-20,352678
Macao,2022-01-08,1748
South America,2022-02-02,2833576
Pakistan,2022-02-16,1897034
Tonga,2022-01-16,111
Armenia,2022-01-09,4895
Guyana,2022-01-16,1978
Montenegro,2022-01-03,1155
British Virgin Islands,2022-01-01,11
Curacao,2022-01-21,509
Bermuda,2022-01-15,118
Laos,2022-01-05,35334
Italy,2022-02-02,452161
Austria,2022-01-28,27918
Afghanistan,2022-01-15,12023
Luxembourg,2022-02-02,2749
Turkey,2022-02-02,156661
Democratic Republic of Congo,2022-01-13,5760
Vietnam,2022-02-11,512711
Poland,2022-01-10,175221
Romania,2022-01-01,14961
Lebanon,2022-01-27,12152
Democratic Republic of Congo,2022-02-08,5476
Laos,2022-02-05,48048
Finland,2022-01-28,45037
Macao,2022-02-09,1265
Ethiopia,2022-02-20,938536
Sudan,2022-01-09,8915
Indonesia,2022-01-03,1528279
Jamaica,2022-01-09,3811
Libya,2022-01-05,9635
Curacao,2022-01-10,1660
Afghanistan,2022-01-06,17604
Nepal,2022-01-31,282557
Algeria,2022-01-05,22589
Slovenia,2022-01-16,8963
Czechia,2022-01-26,35548
Georgia,2022-02-12,3504
Botswana,2022-02-17,
Latvia,2022-01-31,5254
Georgia,2022-01-09,5731
Dominican Republic,2022-01-11,15966
Mauritania,2022-02-02,4508
Australia,2022-02-15,157389
Serbia,2022-01-04,7562
Serbia,2022-02-03,3561
Turkey,2022-02-15,146135
Cape Verde,2022-01-27,2853
Antigua and Barbuda,2022-02-04,18
Jordan,2022-02-04,14926
Georgia,2022-01-04,4656
France,2022-02-09,202986
Netherlands,2022-01-27,49126
Lithuania,2022-02-08,2033
Finland,2022-02-18,9275
Isle of Man,2022-02-02,114
Ecuador,2022-02-06,58082
Malaysia,2022-02-07,74761
Scotland,2022-01-06,15943
Greenland,2022-01-27,21
Panama,2022-02-20,12191
Bhutan,2022-01-17,4968
Taiwan,2022-02-17,269415
Central African Republic,2022-02-17,
Ecuador,2022-01-11,102934
Comoros,2022-01-16,609
Brazil,2022-01-25,1117509
Northern Ireland,2022-01-27,2888
Vanuatu,2022-01-18,736
Cape Verde,2022-01-24,2853
Ghana,2022-01-26,84487
Slovakia,2022-01-08,24942
Botswana,2022-01-26,2733
Kosovo,2022-01-10,2690
Oman,2022-01-17,11708
Liberia,2022-01-21,1580
Qatar,2022-01-14,18480
Solomon Islands,2022-02-01,992
New Zealand,2022-01-30,58432
Kyrgyzstan,2022-01-19,8917
South America,2022-01-28,2847758
World,2022-01-31,22956951
Saint Kitts and Nevis,2022-01-09,84
Oceania,2022-02-04,236843
Greece,2022-02-11,35183
Croatia,2022-01-07,12168
Tunisia,2022-01-14,17269
Africa,2022-02-19,1096585
Portugal,2022-01-09,68237
Curacao,2022-01-17,613
Libya,2022-01-04,8911
Bolivia,2022-02-12,29535
Togo,2022-02-17,
South Sudan,2022-02-01,3398
Djibouti,2022-01-29,593
Hong Kong,2022-01-19,38241
New Caledonia,2022-02-10,120
South Sudan,2022-01-01,810
Upper middle income,2022-02-16,9809773
Egypt,2022-02-05,298194
Italy,2022-01-19,627313
Ethiopia,2022-02-01,344
Cuba,2022-02-07,41320
Europe,2022-02-20,1204102
Mozambique,2022-01-08,188521
Slovakia,2022-02-08,4056
Northern Ireland,2022-01-16,6185
Iraq,2022-02-09,40689
Qatar,2022-01-02,8311
Russia,2022-01-07,112537
Malawi,2022-02-04,1722
Africa,2022-02-02,1276222
Argentina,2022-01-30,320174
Colombia,2022-01-08,244682
Ethiopia,2022-01-13,401
Morocco,2022-02-09,54247
Andorra,2022-01-08,865
Algeria,2022-02-03,16222
Nepal,2022-01-30,272533
Maldives,2022-02-13,2541
Bermuda,2022-01-20,125
France,2022-02-14,185095
Senegal,2022-01-13,4472
Liberia,2022-01-08,10161
Japan,2022-01-21,161301
New Zealand,2022-02-02,44625
Panama,2022-02-09,14505
Germany,2022-01-09,590582
Cote d'Ivoire,2022-01-15,14152
Italy,2022-01-22,576018
Italy,2022-01-18,641968
Gibraltar,2022-01-26,110
Brunei,2022-01-05,4318
Burundi,2022-01-19,59
Moldova,2022-02-14,5897
Kosovo,2022-02-07,2320
Guernsey,2022-01-14,220
North America,2022-01-06,1569649
Tajikistan,2022-01-25,31090
Jamaica,2022-02-03,2551
New Caledonia,2022-02-07,91
Dominican Republic,2022-01-29,32971
Mali,2022-02-14,
Maldives,2022-02-15,2140
Guyana,2022-02-10,1428
Malta,2022-02-17,1039
Ukraine,2022-01-04,58526
Bolivia,2022-01-22,59068
Mali,2022-02-09,
Bolivia,2022-02-02,39078
Jamaica,2022-01-08,3957
North Macedonia,2022-01-12,1615
Equatorial Guinea,2022-01-06,49
Grenada,2022-01-10,181
San Marino,2022-01-11,159
Canada,2022-01-13,369777
Norway,2022-01-18,51521
Qatar,2022-02-13,16096
Armenia,2022-01-22,9995
Egypt,2022-02-06,308380
Macao,2022-01-10,2121
Georgia,2022-01-24,5126
Timor,2022-01-02,1006
Scotland,2022-02-03,7592
Jordan,2022-01-12,35491
Fiji,2022-01-02,384
Fiji,2022-01-10,345
Slovakia,2022-02-03,5566
Guyana,2022-02-19,1253
Cape Verde,2022-01-04,968
Iceland,2022-01-13,3012
Indonesia,2022-02-11,1252137
Romania,2022-01-03,15882
Bangladesh,2022-01-28,890031
Thailand,2022-02-07,257594
New Caledonia,2022-01-30,175
Norway,2022-01-09,52547
Mongolia,2022-01-24,4070
Albania,2022-01-16,6089
Vietnam,2022-02-02,295060
Chile,2022-02-05,50256
Paraguay,2022-01-27,10936
Burundi,2022-02-03,64
Lower middle income,2022-01-20,12636763
Timor,2022-01-27,1333
Netherlands,2022-02-11,21353
Guatemala,2022-02-05,54318
Cuba,2022-02-03,54927
World,2022-01-24,28469221
Senegal,2022-01-02,459
Dominica,2022-01-29,59
Sweden,2022-02-09,47532
Norway,2022-01-03,18309
Saint Vincent and the Grenadines,2022-01-14,82
France,2022-01-20,410680
South Korea,2022-02-12,198449
Philippines,2022-01-20,710839
Scotland,2022-01-09,23367
Cambodia,2022-01-23,121275
Kenya,2022-02-01,117923
Taiwan,2022-01-27,337612
United States,2022-02-07,470127
Gibraltar,2022-01-12,81
Portugal,2022-01-11,62782
Togo,2022-01-18,4911
Libya,2022-01-25,10511
Burundi,2022-02-01,62
Brunei,2022-01-15,3230
Democratic Republic of Congo,2022-01-01,7108
Montserrat,2022-02-03,6
Anguilla,2022-01-20,29
Rwanda,2022-01-02,125475
Haiti,2022-01-07,344
Sri Lanka,2022-01-04,84046
Liechtenstein,2022-02-10,55
Low income,2022-01-23,1097131
Rwanda,2022-01-11,127901
Kiribati,2022-01-19,330
Latvia,2022-02-15,2563
Dominican Republic,2022-01-09,18015
Gambia,2022-01-15,2299
Uganda,2022-01-21,29203
Kosovo,2022-02-04,2851
North America,2022-01-15,2405344
Lower middle income,2022-01-06,13425634
Mexico,2022-02-02,681660
Yemen,2022-02-09,1930
Mali,2022-01-01,5318
Wales,2022-01-28,5944
Kuwait,2022-01-12,12609
Guyana,2022-01-19,1870
Uruguay,2022-01-18,21961
Saudi Arabia,2022-01-05,212638
Guernsey,2022-01-15,198
Moldova,2022-01-01,3748
Philippines,2022-01-31,430486
Samoa,2022-01-12,69
Slovakia,2022-02-07,4285
Trinidad and Tobago,2022-01-02,2593
Tajikistan,2022-01-31,46070
Upper middle income,2022-01-03,13396005
Papua New Guinea,2022-01-23,693
Indonesia,2022-02-10,1252137
United Arab Emirates,2022-02-17,21377
Greenland,2022-01-31,9
Panama,2022-02-07,14637
Venezuela,2022-01-21,126261
Papua New Guinea,2022-01-03,459
Greece,2022-01-29,41349
Macao,2022-01-20,2561
Gibraltar,2022-01-05,17
Poland,2022-02-07,88832
Georgia,2022-01-02,7367
Uruguay,2022-02-03,11796
Vietnam,2022-01-09,1097265
Jamaica,2022-01-28,2429
South Africa,2022-01-30,57785
Malta,2022-01-21,3764
Russia,2022-01-05,84074
Grenada,2022-01-23,125
Upper middle income,2022-01-09,11275842
Macao,2022-02-08,1023
Barbados,2022-01-03,209
Switzerland,2022-02-12,10871
Uganda,2022-01-25,32000
Iran,2022-01-06,424468
Guinea-Bissau,2022-01-02,132
Turks and Caicos Islands,2022-02-07,70
Belarus,2022-01-16,59185
Hong Kong,2022-02-14,79867
United Kingdom,2022-01-13,216703
Cambodia,2022-02-05,36325
Aruba,2022-01-03,55
Guatemala,2022-01-20,88940
Belize,2022-01-29,760
European Union,2022-01-11,3175246
Nauru,2022-01-06,0
China,2022-01-12,6604571
Benin,2022-01-28,14887
Montserrat,2022-01-07,5
Guernsey,2022-02-12,87
Grenada,2022-02-18,51
Mauritania,2022-01-23,5532
Estonia,2022-02-19,1070
Bahrain,2022-01-15,4890
El Salvador,2022-01-30,8938
Africa,2022-02-14,1236590
Sint Maarten (Dutch part),2022-01-03,15
Russia,2022-02-09,266485
Estonia,2022-02-16,1129
Libya,2022-01-14,16651
Niger,2022-01-15,6053
Hong Kong,2022-01-27,44385
Nicaragua,2022-01-19,38236
European Union,2022-01-29,1973639
Sri Lanka,2022-02-19,59474
Mozambique,2022-01-01,102990
Saint Vincent and the Grenadines,2022-01-30,130
South Africa,2022-01-16,84755
Israel,2022-01-14,67303
Libya,2022-02-06,10521
Cote d'Ivoire,2022-01-08,19882
British Virgin Islands,2022-02-01,7
Slovakia,2022-01-31,6617
Belgium,2022-01-20,83336
Kuwait,2022-01-25,13538
Pakistan,2022-01-21,629403
Bahrain,2022-02-01,2581
Malaysia,2022-02-11,133427
Cook Islands,2022-01-29,6
Ghana,2022-01-23,108548
Wales,2022-02-08,3452
Venezuela,2022-01-05,126261
Gibraltar,2022-02-07,82
Suriname,2022-01-09,369
Azerbaijan,2022-02-11,34401
Montenegro,2022-01-29,477
Ukraine,2022-02-08,59101
Wallis and Futuna,2022-01-09,7
Cuba,2022-01-05,74791
Greenland,2022-01-25,31
France,2022-01-28,268268
Egypt,2022-02-07,288769
Libya,2022-01-23,9550
Timor,2022-02-12,676
Cook Islands,2022-01-03,14
Gibraltar,2022-01-14,124
Libya,2022-02-09,9384
Maldives,2022-02-12,2801
Hong Kong,2022-02-09,58429
Sierra Leone,2022-01-31,13706
Ghana,2022-01-02,59476
World,2022-01-29,25315841
Haiti,2022-01-26,1607
Mexico,2022-01-12,488625
South America,2022-01-24,2064682
Andorra,2022-01-05,865
Bhutan,2022-01-24,29717
United Kingdom,2022-02-02,89672
Australia,2022-02-08,200160
Israel,2022-01-05,39021
Sierra Leone,2022-02-06,6243
Saudi Arabia,2022-02-03,225047
Morocco,2022-01-05,70620
Canada,2022-01-22,302170
Kuwait,2022-01-13,13444
Sint Maarten (Dutch part),2022-01-16,672
Yemen,2022-01-21,3869
Vietnam,2022-01-17,1072972
Samoa,2022-02-06,401
Australia,2022-01-27,238946
Anguilla,2022-01-15,22
Taiwan,2022-01-15,175774
Poland,2022-02-02,109672
Japan,2022-02-11,659010
Qatar,2022-02-04,24881
Ukraine,2022-01-15,78446
Upper middle income,2022-01-17,10326623
Croatia,2022-01-25,10218
Georgia,2022-01-15,8300
Saudi Arabia,2022-01-26,237155
Philippines,2022-02-17,410154
Maldives,2022-02-16,1992
Malaysia,2022-01-11,206612
England,2022-01-20,105979
Costa Rica,2022-01-20,15281
Lebanon,2022-02-10,9971
Malaysia,2022-01-25,205629
Greenland,2022-01-08,32
Nepal,2022-01-21,217412
Cayman Islands,2022-01-03,226
Croatia,2022-02-11,4104
European Union,2022-02-03,1636127
North Macedonia,2022-01-30,1128
Slovakia,2022-02-01,6266
Jersey,2022-01-12,426
Greenland,2022-01-18,51
Bhutan,2022-02-02,4203
Finland,2022-02-13,19916
Taiwan,2022-02-05,35525
Oceania,2022-02-07,258820
Netherlands,2022-02-07,28390
Eswatini,2022-02-03,1605
Trinidad and Tobago,2022-01-16,2750
Switzerland,2022-02-10,12368
Wallis and Futuna,2022-01-10,7
England,2022-02-18,48481
High income,2022-02-18,2958842
North America,2022-01-14,2509112
Belize,2022-02-18,304
Malaysia,2022-02-17,154533
Zambia,2022-01-09,19201
Azerbaijan,2022-01-27,21289
Burkina Faso,2022-01-13,7399
Europe,2022-01-15,3906217
Sweden,2022-02-05,56693
Trinidad and Tobago,2022-01-06,3054
Mexico,2022-01-25,721097
Slovenia,2022-02-15,2099
Djibouti,2022-01-25,572
Barbados,2022-01-19,258
Finland,2022-02-01,46440
Nigeria,2022-01-03,127972
Lower middle income,2022-02-15,9432391
Chile,2022-01-21,72213
Bulgaria,2022-02-10,6107
Paraguay,2022-01-31,17195
Cuba,2022-02-17,19900
Panama,2022-01-12,23401
Ethiopia,2022-01-23,900
Grenada,2022-02-08,68
Dominica,2022-01-30,74
Faeroe Islands,2022-02-10,33
Vanuatu,2022-01-16,736
Dominica,2022-01-15,40
Vietnam,2022-02-09,352956
Iran,2022-01-29,398808
Equatorial Guinea,2022-01-18,215
Egypt,2022-02-01,257447
Oceania,2022-02-11,240068
Ethiopia,2022-01-08,5787
Uganda,2022-01-01,136612
Faeroe Islands,2022-02-01,104
Myanmar,2022-01-15,182162
Ghana,2022-02-10,84487
Kyrgyzstan,2022-02-13,8795
Ukraine,2022-01-14,76615
Honduras,2022-02-04,21412
Cook Islands,2022-01-27,6
Cayman Islands,2022-02-09,25
Egypt,2022-01-18,308736
Nigeria,2022-01-10,247034
Kosovo,2022-02-02,3411
Finland,2022-01-07,43024
Tunisia,2022-01-21,22490
United States,2022-01-28,693212
North America,2022-01-10,2402178
Cyprus,2022-02-12,2432
Israel,2022-01-25,14231
England,2022-01-18,118387
Kazakhstan,2022-01-06,12742
South America,2022-01-29,2822245
Dominican Republic,2022-01-19,22008
Morocco,2022-02-13,60436
Oceania,2022-01-02,91927
Tunisia,2022-01-17,17951
Hungary,2022-01-01,10347
Albania,2022-02-16,3746
Vietnam,2022-02-06,202490
Finland,2022-02-11,23092
Italy,2022-01-05,465848
Dominican Republic,2022-01-27,22787
Tunisia,2022-02-18,7453
Aruba,2022-01-04,27
Grenada,2022-01-21,128
Aruba,2022-01-30,58
El Salvador,2022-01-05,7702
Kosovo,2022-02-12,1225
Oceania,2022-02-13,234284
Netherlands,2022-01-21,81304
United States,2022-02-09,446524
Finland,2022-01-03,38449
El Salvador,2022-01-08,11298
Pakistan,2022-02-05,1249051
Mozambique,2022-01-07,148663
Central African Republic,2022-01-02,3596
High income,2022-01-11,6684044
Zimbabwe,2022-01-09,12119
Nigeria,2022-01-23,219248
Uganda,2022-01-18,29203
Paraguay,2022-02-05,27119
Lower middle income,2022-02-17,8562286
France,2022-01-08,630685
Upper middle income,2022-01-05,11500151
Central African Republic,2022-01-08,3596
Bangladesh,2022-01-01,829757
Belgium,2022-01-27,49443
South Africa,2022-02-07,53486
United Arab Emirates,2022-01-18,29367
Dominica,2022-01-26,46
Libya,2022-01-16,12379
Switzerland,2022-02-02,21139
Serbia,2022-01-08,758
Ethiopia,2022-01-15,1166
Antigua and Barbuda,2022-02-01,30
Estonia,2022-01-24,3462
South Korea,2022-02-15,185890
Haiti,2022-01-30,2150
Uganda,2022-01-17,29203
Northern Ireland,2022-01-06,6274
Namibia,2022-02-07,846
Aruba,2022-02-18,54
Bahrain,2022-01-14,4997
Oman,2022-02-06,13590
Kuwait,2022-01-09,11895
Armenia,2022-02-03,6764
Sint Maarten (Dutch part),2022-01-13,767
Oceania,2022-02-01,254188
Belize,2022-01-22,691
Papua New Guinea,2022-01-12,577
Bulgaria,2022-01-24,11932
Mongolia,2022-02-04,706
Nauru,2022-01-11,0
England,2022-01-04,218730
Cyprus,2022-01-17,5881
Estonia,2022-01-16,4665
Cambodia,2022-01-31,65971
Albania,2022-02-02,16474
Portugal,2022-01-08,62622
Mongolia,2022-02-07,506
Northern Ireland,2022-01-07,7081
Mongolia,2022-01-03,3367
Hungary,2022-01-30,24110
Kyrgyzstan,2022-02-12,8490
Qatar,2022-01-17,18567
Wales,2022-01-01,20870
Comoros,2022-01-25,609
Suriname,2022-02-09,144
Vietnam,2022-01-10,1147290
Netherlands,2022-02-03,34714
Mongolia,2022-01-13,4298
Belgium,2022-01-04,61017
Ecuador,2022-01-22,85174
Lower middle income,2022-02-04,9830218
Senegal,2022-01-18,4472
Greenland,2022-02-01,9
Australia,2022-01-11,239447
South Sudan,2022-01-28,2872
Switzerland,2022-01-21,47638
Belize,2022-01-15,803
Georgia,2022-02-09,3966
Andorra,2022-01-09,865
Uruguay,2022-02-19,4251
Bhutan,2022-02-03,3930
Slovenia,2022-02-03,3028
Anguilla,2022-01-17,25
Albania,2022-01-28,5471
Northern Ireland,2022-01-22,4104
Liberia,2022-02-03,1580
Kenya,2022-02-07,218627
United Arab Emirates,2022-01-11,28564
Asia,2022-01-29,16360764
Greece,2022-02-17,27134
Kyrgyzstan,2022-02-18,10399
Bulgaria,2022-02-11,5829
Tanzania,2022-01-08,33124
Maldives,2022-01-17,1484
Lower middle income,2022-01-21,13443421
Costa Rica,2022-01-09,19245
Bolivia,2022-01-12,87735
Sint Maarten (Dutch part),2022-02-11,59
New Caledonia,2022-01-04,183
China,2022-02-15,5835286
United Arab Emirates,2022-02-18,20752
Bhutan,2022-02-04,3657
Spain,2022-01-08,178485
Guernsey,2022-01-04,1747
Lebanon,2022-02-09,10489
Czechia,2022-01-06,54814
Djibouti,2022-01-18,602
Tajikistan,2022-01-10,65092
Guinea,2022-01-11,6924
Egypt,2022-02-09,249547
Macao,2022-02-14,2225
Tunisia,2022-02-08,5814
England,2022-01-01,225087
Austria,2022-01-27,28838
Saudi Arabia,2022-01-06,208453
European Union,2022-01-03,2285276
Bangladesh,2022-01-08,829757
Isle of Man,2022-01-13,275
Jordan,2022-01-23,24809
El Salvador,2022-02-04,7988
Cape Verde,2022-02-06,2521
Qatar,2022-01-10,13324
Greenland,2022-01-26,26
Grenada,2022-01-22,127
Suriname,2022-01-26,165
Serbia,2022-02-10,3229
Syria,2022-01-31,2829
Czechia,2022-02-19,9034
Vietnam,2022-01-13,1111945
Portugal,2022-01-15,71424
Africa,2022-02-16,1028518
Italy,2022-02-19,158970
Ukraine,2022-01-17,76653
Thailand,2022-02-03,280988
Montserrat,2022-01-11,31
Trinidad and Tobago,2022-02-09,1597
Guatemala,2022-01-03,22141
Kyrgyzstan,2022-01-03,4597
Tunisia,2022-01-02,47796
North Macedonia,2022-01-08,1615
El Salvador,2022-01-25,10304
Fiji,2022-01-01,384
Colombia,2022-02-05,218935
Rwanda,2022-01-24,125016
Oceania,2022-01-06,167122
Malawi,2022-02-18,2617
Czechia,2022-01-30,32546
Canada,2022-02-10,137091
High income,2022-01-01,4939337
Dominica,2022-02-09,23
Sierra Leone,2022-01-14,14555
Uzbekistan,2022-01-30,3947
Moldova,2022-01-08,2926
Armenia,2022-02-04,5981
Cote d'Ivoire,2022-02-02,57941
Angola,2022-01-18,134258
Yemen,2022-01-06,1926
Germany,2022-01-08,586198
Saudi Arabia,2022-02-06,221131
Tajikistan,2022-01-12,65092
Maldives,2022-01-31,3000
Guatemala,2022-02-15,45073
Gabon,2022-01-12,3128
Barbados,2022-01-15,270
Burundi,2022-01-29,62
Europe,2022-02-06,1896291
South Africa,2022-01-26,65312
Tajikistan,2022-01-07,58244
Samoa,2022-01-19,158
Anguilla,2022-01-24,29
Slovenia,2022-02-02,2916
Belgium,2022-02-02,35442
Honduras,2022-01-10,21059
South America,2022-02-10,2211691
Maldives,2022-01-20,2234
Egypt,2022-01-01,424464
Asia,2022-02-14,17409102
Sierra Leone,2022-01-25,32362
Belgium,2022-02-16,33700
Barbados,2022-02-07,134
Panama,2022-01-16,25236
Isle of Man,2022-01-30,117
Turks and Caicos Islands,2022-02-11,0
Paraguay,2022-01-01,30476
Nepal,2022-01-18,224948
Finland,2022-01-08,36863
Laos,2022-02-09,48048
Vietnam,2022-02-08,306802
British Virgin Islands,2022-01-09,15
Jamaica,2022-01-05,2050
Tonga,2022-01-03,436
Hong Kong,2022-01-11,39814
Tunisia,2022-01-20,20541
Iran,2022-02-09,447013
Panama,2022-02-12,14149
Chile,2022-01-11,102380
United Kingdom,2022-01-02,292772
Bulgaria,2022-01-25,10745
Lebanon,2022-01-09,26216
British Virgin Islands,2022-01-13,22
French Polynesia,2022-01-20,578
Libya,2022-01-22,8899
Oman,2022-01-10,11708
San Marino,2022-01-04,183
Europe,2022-01-25,2866344
Algeria,2022-01-10,21679
Northern Ireland,2022-02-11,2230
Finland,2022-01-30,43611
Democratic Republic of Congo,2022-01-27,9072
South America,2022-02-12,2197017
Macao,2022-02-10,1530
Liberia,2022-02-02,1580
Jersey,2022-01-01,669
Cayman Islands,2022-01-01,226
Chad,2022-01-16,2544
North America,2022-02-11,1174449
Laos,2022-01-26,48048
Bermuda,2022-02-06,181
Honduras,2022-01-23,41835
Mexico,2022-01-10,444046
Gabon,2022-01-11,3128
Bahamas,2022-01-17,497
Lithuania,2022-02-10,1610
Mauritania,2022-02-04,4508
Malawi,2022-02-07,1154
Turks and Caicos Islands,2022-01-12,122
Uganda,2022-02-17,
Switzerland,2022-01-07,61111
Bahamas,2022-01-06,623
Montenegro,2022-01-23,631
Malaysia,2022-01-26,196924
Canada,2022-01-25,290515
Angola,2022-01-15,104233
Ecuador,2022-02-15,71954
Ghana,2022-01-21,156671
Oceania,2022-01-25,342687
Nigeria,2022-01-06,144461
Jamaica,2022-02-16,1970
North America,2022-02-07,1424534
Burundi,2022-02-07,69
Uganda,2022-01-06,136612
Northern Ireland,2022-01-28,2645
Antigua and Barbuda,2022-02-02,18
Qatar,2022-02-02,26507
Cook Islands,2022-01-31,6
Tajikistan,2022-02-03,44138
Sudan,2022-01-25,10873
Malta,2022-02-02,1764
Aruba,2022-01-31,54
Sweden,2022-01-05,26694
Djibouti,2022-01-01,608
Asia,2022-01-24,18745735
Jordan,2022-01-13,35491
Grenada,2022-02-03,87
Liberia,2022-02-08,1580
Saint Lucia,2022-02-10,68
Greenland,2022-01-06,20
Nepal,2022-01-03,219116
Bulgaria,2022-01-26,9681
Sweden,2022-01-25,74580
Bhutan,2022-01-12,157
Austria,2022-02-09,18404
Turkey,2022-01-07,567435
Cook Islands,2022-02-02,6
South America,2022-02-01,2703996
Honduras,2022-01-30,21412
Ethiopia,2022-02-09,65
Low income,2022-01-24,980914
Belize,2022-01-25,738
Luxembourg,2022-02-03,2606
Mauritania,2022-02-10,3761
Canada,2022-02-02,221498
Saudi Arabia,2022-01-14,189615
Scotland,2022-02-08,5873
Suriname,2022-01-12,383
Liechtenstein,2022-01-08,256
Afghanistan,2022-01-14,13458
Belgium,2022-02-01,36819
Guinea-Bissau,2022-01-19,186
Malta,2022-01-19,4469
Isle of Man,2022-01-23,123
Togo,2022-01-12,4817
Argentina,2022-01-26,374461
Botswana,2022-01-21,2733
Timor,2022-01-15,1175
Greenland,2022-02-05,9
Australia,2022-01-14,272214
Italy,2022-02-04,406030
Ecuador,2022-02-04,57547
Portugal,2022-01-12,63611
Upper middle income,2022-01-31,8727308
Luxembourg,2022-01-06,4741
Fiji,2022-02-03,243
Somalia,2022-01-10,5028
Colombia,2022-01-11,237837
Mexico,2022-01-21,577821
Curacao,2022-01-16,782
England,2022-02-19,45738
Bulgaria,2022-01-08,21249
Argentina,2022-02-06,265151
Faeroe Islands,2022-02-09,44
Botswana,2022-01-04,2733
Dominica,2022-02-03,114
Switzerland,2022-01-11,69501
Solomon Islands,2022-01-24,1154
Upper middle income,2022-02-02,7213990
Kazakhstan,2022-02-20,54073
French Polynesia,2022-01-21,506
Upper middle income,2022-01-27,9269808
Panama,2022-01-11,24492
Vanuatu,2022-01-12,736
Panama,2022-02-04,15698
Slovenia,2022-01-05,4342
Kosovo,2022-01-01,1509
Hong Kong,2022-01-28,45087
China,2022-01-11,6945286
Brunei,2022-01-18,2969
Bermuda,2022-01-05,221
Albania,2022-01-29,5471
Cyprus,2022-02-11,2479
Bolivia,2022-01-13,80795
Indonesia,2022-01-25,1252137
Japan,2022-01-31,300268
Tonga,2022-01-12,179
Croatia,2022-01-06,9799
Hong Kong,2022-01-07,34783
Fiji,2022-01-24,181
Malta,2022-02-12,1268
Iraq,2022-01-02,36884
United States,2022-02-01,612289
Cayman Islands,2022-02-07,50
Wales,2022-02-09,3377
Cayman Islands,2022-01-12,191
Bhutan,2022-01-04,415
Rwanda,2022-01-14,127901
Netherlands,2022-01-03,244350
Lower middle income,2022-02-12,9347072
Nicaragua,2022-01-01,28763
Sierra Leone,2022-01-11,1199
Andorra,2022-01-11,865
Dominica,2022-01-02,152
Spain,2022-02-04,133479
Suriname,2022-02-02,277
New Zealand,2022-01-04,11854
Togo,2022-01-16,4883
Spain,2022-01-24,226832
South America,2022-02-09,2118655
Greece,2022-02-20,22946
Mexico,2022-01-08,360885
Gibraltar,2022-01-06,17
Denmark,2022-02-13,3825
Venezuela,2022-01-24,126261
Hungary,2022-02-16,
Guyana,2022-01-22,1841
England,2022-02-04,69450
Solomon Islands,2022-01-20,891
Vietnam,2022-01-26,1075202
Central African Republic,2022-01-24,3605
Cote d'Ivoire,2022-01-30,35031
Greece,2022-01-10,71281
Indonesia,2022-02-01,1252137
Nepal,2022-01-05,219014
Uzbekistan,2022-01-10,90532
Rwanda,2022-01-08,127901
North Macedonia,2022-02-04,1014
Antigua and Barbuda,2022-01-18,106
New Zealand,2022-02-08,49673
Brazil,2022-02-20,1056444
Indonesia,2022-01-24,1252137
Europe,2022-02-12,1604198
Nauru,2022-01-02,2
Barbados,2022-01-20,186
Madagascar,2022-01-28,5727
Singapore,2022-01-03,41223
Azerbaijan,2022-01-23,20251
Saint Kitts and Nevis,2022-02-17,220
Nigeria,2022-01-16,188170
United Arab Emirates,2022-02-04,27479
South Korea,2022-01-22,322242
Malta,2022-02-13,1236
Romania,2022-02-18,7272
Saint Kitts and Nevis,2022-01-05,59
Eswatini,2022-02-07,1080
Malawi,2022-01-02,9132
Vanuatu,2022-02-06,399
Greenland,2022-02-11,14
Bermuda,2022-02-17,105
Albania,2022-01-20,5471
Faeroe Islands,2022-02-11,30
Barbados,2022-01-14,264
Bolivia,2022-02-05,35357
Uzbekistan,2022-01-07,60373
European Union,2022-01-01,2042918
Malta,2022-01-27,2670
Serbia,2022-01-28,4064
England,2022-01-28,86681
Sri Lanka,2022-01-02,104896
Iraq,2022-01-24,46804
Tonga,2022-01-10,231
Burundi,2022-02-02,62
North America,2022-01-16,2380930
Cook Islands,2022-01-21,5
Canada,2022-01-29,253899
Cote d'Ivoire,2022-01-10,20926
Guinea,2022-01-15,994
South Korea,2022-02-07,191212
United States,2022-01-06,942356
Aruba,2022-01-24,191
Namibia,2022-01-02,303
Hungary,2022-02-09,10536
Croatia,2022-01-22,12103
Saint Kitts and Nevis,2022-02-08,192
Trinidad and Tobago,2022-02-11,1532
Singapore,2022-01-20,39746
Solomon Islands,2022-01-01,680
Estonia,2022-01-18,4431
Poland,2022-01-14,194305
Malawi,2022-01-08,4194
Iceland,2022-01-21,2520
Spain,2022-01-14,237859
Faeroe Islands,2022-02-12,28
Germany,2022-01-19,575512
Austria,2022-01-21,34358
Saint Vincent and the Grenadines,2022-01-26,82
Malaysia,2022-02-06,71248
Sint Maarten (Dutch part),2022-02-02,62
India,2022-01-13,8846955
Colombia,2022-01-05,159173
Senegal,2022-01-24,4472
Anguilla,2022-02-04,30
Israel,2022-01-26,12599
Latvia,2022-01-02,6304
High income,2022-01-10,6679924
Saint Kitts and Nevis,2022-01-24,43
Guinea-Bissau,2022-01-31,1433
Chad,2022-01-30,1229
India,2022-01-22,7349937
Azerbaijan,2022-02-05,30751
Brazil,2022-02-05,1058167
Djibouti,2022-01-15,608
Luxembourg,2022-01-27,3865
Iceland,2022-01-14,3127
Egypt,2022-01-24,267834
Georgia,2022-01-17,8123
Peru,2022-01-27,124271
Solomon Islands,2022-01-27,1124
Colombia,2022-02-06,232163
World,2022-02-14,23566198
Sri Lanka,2022-02-11,78286
Bahamas,2022-01-28,400
Somalia,2022-01-09,5028
Zambia,2022-01-11,23216
Oman,2022-01-02,11708
Faeroe Islands,2022-01-21,179
Guatemala,2022-01-15,93713
Curacao,2022-01-06,1251
Aruba,2022-01-08,59
Syria,2022-01-12,4079
Chile,2022-02-04,50583
Brazil,2022-01-01,364234
Saint Vincent and the Grenadines,2022-02-10,225
Romania,2022-01-22,15625
Bermuda,2022-01-17,92
Ukraine,2022-01-05,56783
Asia,2022-02-05,11531326
El Salvador,2022-02-06,9649
Bulgaria,2022-02-14,5385
Botswana,2022-01-10,2733
Slovenia,2022-01-10,7021
Japan,2022-01-30,276177
Vanuatu,2022-01-09,736
Afghanistan,2022-01-26,10021
Libya,2022-02-05,10660
South Africa,2022-02-06,53914
Czechia,2022-01-10,75852
Mongolia,2022-01-07,3101
Democratic Republic of Congo,2022-01-20,1009
Serbia,2022-01-12,2795
Ecuador,2022-01-04,51265
Cyprus,2022-02-06,6799
Ukraine,2022-01-09,51825
Switzerland,2022-02-09,13192
Bahamas,2022-01-27,417
United Kingdom,2022-01-27,106776
Namibia,2022-01-20,908
Japan,2022-01-26,224322
Burundi,2022-02-09,71
Luxembourg,2022-02-12,1674
Panama,2022-02-05,15062
Vietnam,2022-02-15,580104
Mali,2022-01-25,
Guatemala,2022-01-06,29966
Togo,2022-01-09,4761
Sudan,2022-01-21,11296
Brunei,2022-01-09,3453
Oceania,2022-01-15,319516
Asia,2022-02-11,15076617
French Polynesia,2022-01-18,722
Faeroe Islands,2022-01-06,319
Sint Maarten (Dutch part),2022-01-14,892
Guernsey,2022-02-02,65
Malta,2022-01-02,6066
South Africa,2022-01-25,64931
Sint Maarten (Dutch part),2022-02-09,59
Sri Lanka,2022-01-25,66585
Cook Islands,2022-01-04,14
Jordan,2022-01-08,35491
Mexico,2022-02-09,490693
Ghana,2022-01-14,87110
Andorra,2022-01-02,865
Uzbekistan,2022-01-12,112119
Mali,2022-01-02,5528
North America,2022-02-08,1369559
Montenegro,2022-02-06,432
Honduras,2022-01-12,14179
Mali,2022-01-05,19049
Syria,2022-01-24,2829
Romania,2022-01-31,18091
China,2022-02-18,5577857
Jordan,2022-01-16,35491
Ecuador,2022-01-16,110806
Portugal,2022-02-18,48520
Central African Republic,2022-01-15,3596
Uruguay,2022-01-13,16486
Angola,2022-01-02,47890
Eswatini,2022-01-05,1515
Zambia,2022-01-25,12895
Peru,2022-02-08,108984
Hungary,2022-01-03,10347
Saint Lucia,2022-01-10,114
Wales,2022-01-17,9950
South America,2022-02-19,1638484
Switzerland,2022-01-17,60167
Romania,2022-01-23,14825
Austria,2022-01-01,34182
Mongolia,2022-01-11,3535
Canada,2022-02-16,104531
Kazakhstan,2022-02-11,14319
Russia,2022-01-26,284397
Guinea,2022-02-05,4343
Sierra Leone,2022-01-30,17437
Sao Tome and Principe,2022-01-12,384
Sri Lanka,2022-01-18,82855
Oceania,2022-01-17,325353
Timor,2022-01-08,1117
Guatemala,2022-02-01,53857
Solomon Islands,2022-02-04,977
Bangladesh,2022-02-17,957674
Sri Lanka,2022-02-05,126474
Luxembourg,2022-01-09,6002
Azerbaijan,2022-01-19,23880
Bangladesh,2022-02-09,957674
Iceland,2022-01-08,923
Timor,2022-02-13,702
Romania,2022-01-14,25378
Ghana,2022-01-30,84487
Georgia,2022-01-14,7797
Papua New Guinea,2022-02-11,802
Kiribati,2022-01-03,640
Colombia,2022-01-27,229647
Kazakhstan,2022-02-06,15861
Tunisia,2022-01-16,17862
Trinidad and Tobago,2022-02-08,1642
Hong Kong,2022-01-24,40451
Vietnam,2022-01-15,1096002
Anguilla,2022-01-29,28
Kiribati,2022-01-16,527
Uzbekistan,2022-01-08,75878
Africa,2022-01-04,1760546
India,2022-02-08,4502216
Oceania,2022-01-16,321503
Paraguay,2022-01-24,14718
Morocco,2022-01-24,56505
Ireland,2022-01-30,9074
Serbia,2022-02-14,2882
Azerbaijan,2022-01-31,26703
Liechtenstein,2022-02-04,84
Panama,2022-01-07,18974
Belize,2022-01-06,338
Cuba,2022-01-23,112190
Oman,2022-01-01,11499
Nepal,2022-01-06,218912
Mongolia,2022-02-06,479
Asia,2022-01-07,21760467
Sudan,2022-01-06,8915
Saint Kitts and Nevis,2022-02-15,220
Curacao,2022-01-30,221
Rwanda,2022-02-17,
Comoros,2022-01-27,609
Samoa,2022-01-16,117
Guatemala,2022-01-28,58509
Pakistan,2022-01-23,635579
Netherlands,2022-01-24,60226
United States,2022-02-12,424822
Saint Kitts and Nevis,2022-01-07,86
World,2022-02-03,20108833
Mauritania,2022-01-09,6733
Cameroon,2022-01-06,254
Guinea,2022-01-29,13395
Kuwait,2022-01-08,12663
Hong Kong,2022-01-09,38288
Cape Verde,2022-01-21,2853
Iraq,2022-01-27,45702
Japan,2022-02-14,702582
Greece,2022-01-01,65701
Lower middle income,2022-01-10,17899977
Slovakia,2022-02-11,3369
Jamaica,2022-02-05,2433
Gibraltar,2022-02-09,87
Spain,2022-02-03,142502
Liberia,2022-02-06,1580
Kosovo,2022-01-29,4505
Mozambique,2022-01-22,163590
Liberia,2022-01-18,1580
South Africa,2022-01-23,70955
South Africa,2022-02-16,120630
British Virgin Islands,2022-01-18,23
Mongolia,2022-01-25,3566
Hungary,2022-01-21,25803
Faeroe Islands,2022-01-31,117
Honduras,2022-02-10,15845
Low income,2022-01-25,929115
Comoros,2022-01-01,2309
Saudi Arabia,2022-02-15,112425
Belize,2022-01-11,616
Togo,2022-01-21,4954
Macao,2022-01-04,1418
Lower middle income,2022-02-05,9782096
Timor,2022-01-26,1461
Kosovo,2022-01-02,1443
Netherlands,2022-02-05,31908
Sri Lanka,2022-01-28,61092
Faeroe Islands,2022-02-16,28
Central African Republic,2022-01-26,4211
North Macedonia,2022-01-29,1128
Iraq,2022-01-01,37798
Gambia,2022-02-17,
Kenya,2022-01-10,67863
Georgia,2022-01-12,7354
Madagascar,2022-01-04,7645
Cayman Islands,2022-01-18,187
Kazakhstan,2022-01-14,10599
Guatemala,2022-01-17,92405
European Union,2022-02-06,1439230
Hungary,2022-02-11,9751
Timor,2022-01-10,1172
Guinea,2022-01-18,157999
Greece,2022-01-12,69445
Armenia,2022-01-16,8376
Nauru,2022-01-01,2
Solomon Islands,2022-01-30,1029
Venezuela,2022-01-11,126261
Eswatini,2022-01-14,2146
World,2022-01-18,29358706
Greece,2022-02-18,25339
Dominica,2022-02-04,107
Wales,2022-01-10,17438
Zambia,2022-01-10,17646
Iran,2022-01-04,401075
Chile,2022-01-02,126988
Samoa,2022-01-01,57
Tunisia,2022-01-05,41728
Hong Kong,2022-01-08,37405
Dominican Republic,2022-01-05,12312
Sierra Leone,2022-01-18,32362
High income,2022-02-20,2737522
Iran,2022-02-15,302466
Lebanon,2022-01-02,16569
Yemen,2022-01-13,1926
Asia,2022-01-18,18740735
Taiwan,2022-01-03,74896
Low income,2022-01-12,934502
Moldova,2022-01-29,5844
Laos,2022-01-27,48048
Poland,2022-02-08,84886
Wales,2022-01-04,17245
Denmark,2022-01-26,17878
Isle of Man,2022-01-21,122
Netherlands,2022-01-15,163375
Pakistan,2022-02-14,2175773
Belgium,2022-01-02,45698
Mongolia,2022-01-28,2576
Trinidad and Tobago,2022-01-30,1908
France,2022-01-26,295602
Jersey,2022-02-13,86
Indonesia,2022-02-06,1252137
Central African Republic,2022-01-04,3596
Trinidad and Tobago,2022-02-19,1596
Taiwan,2022-02-19,262076
Morocco,2022-01-13,61464
China,2022-01-23,4355571
Portugal,2022-01-22,81743
Guinea,2022-01-24,25922
Malta,2022-01-03,6186
Rwanda,2022-01-01,124262
Mauritania,2022-01-26,5239
Lebanon,2022-01-01,16066
Trinidad and Tobago,2022-02-04,1798
Ukraine,2022-01-28,64958
Netherlands,2022-01-22,67625
Croatia,2022-01-16,17922
Bahamas,2022-02-16,336
Sri Lanka,2022-01-01,111972
Democratic Republic of Congo,2022-01-15,4403
Niger,2022-01-01,18757
Greenland,2022-02-02,7
Brazil,2022-01-09,629585
Nepal,2022-02-10,306553
El Salvador,2022-01-21,14068
Norway,2022-02-13,9297
Belize,2022-02-07,557
Jordan,2022-01-11,35491
Ecuador,2022-02-14,69841
Japan,2022-02-04,432529
Brazil,2022-01-26,1091108
Haiti,2022-02-05,695
Scotland,2022-01-20,16095
Tanzania,2022-01-15,33124
Senegal,2022-01-05,459
Poland,2022-01-02,121078
Panama,2022-02-18,12742
Uruguay,2022-01-14,21012
Isle of Man,2022-01-16,179
Bahrain,2022-02-07,2115
Central African Republic,2022-01-13,3596
Kenya,2022-02-16,224478
Kuwait,2022-01-14,13216
Indonesia,2022-01-17,1252137
Netherlands,2022-01-13,194251
Libya,2022-02-17,
Afghanistan,2022-02-02,11157
Low income,2022-01-29,401688
Sudan,2022-01-01,8915
Benin,2022-02-04,14887
Greenland,2022-02-04,7
Malta,2022-02-04,1677
Antigua and Barbuda,2022-01-19,105
Guyana,2022-01-06,1702
Cyprus,2022-01-03,3393
Papua New Guinea,2022-02-14,613
Comoros,2022-01-28,1236
China,2022-02-11,4830143
Croatia,2022-01-26,9271
Spain,2022-01-30,196576
Upper middle income,2022-01-11,11243097
Macao,2022-01-31,1831
Cyprus,2022-01-19,5082
United Arab Emirates,2022-01-22,33915
Tunisia,2022-01-30,9143
Yemen,2022-01-09,1926
Dominican Republic,2022-01-31,41051
Greenland,2022-02-13,12
Comoros,2022-01-12,609
Azerbaijan,2022-01-21,20648
Guyana,2022-01-20,1834
Finland,2022-02-15,11205
Europe,2022-02-14,1497293
Democratic Republic of Congo,2022-01-30,7551
Afghanistan,2022-02-14,14901
Laos,2022-01-09,35334
Somalia,2022-01-18,4042
Scotland,2022-01-17,18502
Denmark,2022-01-15,38582
Kenya,2022-02-08,216960
Switzerland,2022-01-04,46671
Paraguay,2022-02-07,26914
Namibia,2022-01-22,3996
Wales,2022-02-13,3125
Netherlands,2022-01-14,178813
Taiwan,2022-01-22,488355
Seychelles,2022-01-03,299
Laos,2022-01-13,35334
Guinea-Bissau,2022-02-09,9244
Vanuatu,2022-01-01,736
Philippines,2022-02-11,327528
Senegal,2022-01-31,4472
European Union,2022-01-25,2297168
Georgia,2022-01-01,8904
Andorra,2022-01-06,865
Chad,2022-01-07,2544
Saint Lucia,2022-02-01,69
Democratic Republic of Congo,2022-01-10,4397
Costa Rica,2022-02-03,14020
Jamaica,2022-01-11,3846
Bhutan,2022-02-09,4857
Saint Kitts and Nevis,2022-01-29,41
Chad,2022-01-02,2544
Sweden,2022-02-04,58290
Tunisia,2022-02-07,9380
Malaysia,2022-01-07,188481
Pakistan,2022-01-09,633238
Lower middle income,2022-01-05,13429806
Timor,2022-02-11,649
Russia,2022-01-30,307578
Oceania,2022-02-17,195715
Palestine,2022-01-12,2151
Kosovo,2022-02-16,1136
Bolivia,2022-02-06,35038
Zambia,2022-01-30,14022
Cambodia,2022-01-08,48211
Bosnia and Herzegovina,2022-01-17,4315
Lithuania,2022-01-14,11744
Malawi,2022-01-13,3429
Turkey,2022-02-07,163407
European Union,2022-02-02,1717964
Saint Kitts and Nevis,2022-01-02,71
United States,2022-01-18,977730
Tajikistan,2022-01-08,61668
Seychelles,2022-01-11,347
Brazil,2022-02-11,1290790
Uruguay,2022-01-07,4701
Kiribati,2022-02-03,330
Turkey,2022-01-13,494723
Comoros,2022-01-15,609
Afghanistan,2022-02-11,14061
Namibia,2022-01-19,908
Scotland,2022-02-10,5885
Sao Tome and Principe,2022-01-16,384
Serbia,2022-02-11,3302
Haiti,2022-01-04,527
Jordan,2022-02-07,15159
Anguilla,2022-01-18,26
Indonesia,2022-01-16,1252137
Czechia,2022-01-24,40301
Malaysia,2022-01-17,226929
Mozambique,2022-01-18,226094
Liechtenstein,2022-01-11,250
Mali,2022-02-03,
Andorra,2022-01-13,865
Guinea,2022-01-17,152951
England,2022-01-08,217699
Bermuda,2022-02-13,158
Greece,2022-02-15,31412
Thailand,2022-01-23,438395
Chad,2022-01-25,1229
Oceania,2022-01-01,85482
Mexico,2022-02-15,460366
Kiribati,2022-01-15,625
Hong Kong,2022-01-22,38779
Solomon Islands,2022-01-15,760
Malaysia,2022-01-16,224011
Djibouti,2022-01-24,567
United Kingdom,2022-02-07,72494
Canada,2022-01-10,391079
Egypt,2022-01-05,411966
Malta,2022-01-24,3289
Chad,2022-01-26,1229
Switzerland,2022-01-26,35520
Colombia,2022-01-09,258249
Wallis and Futuna,2022-01-05,7
Chile,2022-01-01,127050
Niger,2022-01-28,972
San Marino,2022-01-05,172
European Union,2022-01-20,2765946
Panama,2022-01-18,27329
Kiribati,2022-01-29,330
Dominican Republic,2022-02-03,39412
Kyrgyzstan,2022-02-14,8837
Zimbabwe,2022-01-20,12561
Somalia,2022-01-03,5028
Gambia,2022-01-18,2299
Iran,2022-02-17,251148
Uruguay,2022-01-05,4568
Mauritania,2022-01-17,6561
North Macedonia,2022-01-06,1615
Latvia,2022-02-02,4516
Uruguay,2022-02-10,8897
Ukraine,2022-01-08,48915
Portugal,2022-02-12,56442
Barbados,2022-01-01,194
Serbia,2022-02-09,3283
Algeria,2022-01-15,17131
Syria,2022-01-10,4079
Mozambique,2022-01-12,301749
Canada,2022-02-15,109533
Taiwan,2022-02-11,206015
Cayman Islands,2022-02-03,91
New Caledonia,2022-02-08,101
Malawi,2022-01-18,1835
Oman,2022-01-07,11708
Japan,2022-02-03,398736
Chile,2022-01-12,97723
Germany,2022-01-12,623933
Greenland,2022-01-09,38
Peru,2022-01-24,141304
Democratic Republic of Congo,2022-01-07,2352
Maldives,2022-02-19,1721
Kuwait,2022-01-03,14530
Myanmar,2022-01-02,206694
Canada,2022-01-02,238969
Ecuador,2022-02-05,57257
Timor,2022-02-14,729
Mexico,2022-02-18,674834
North America,2022-01-27,2292619
South Korea,2022-01-12,439259
Antigua and Barbuda,2022-01-12,103
Thailand,2022-01-15,473154
Cote d'Ivoire,2022-01-17,12021
Albania,2022-01-04,5669
Oman,2022-01-31,16068
New Zealand,2022-02-14,53493
Jamaica,2022-02-13,2105
Tanzania,2022-01-04,33124
Indonesia,2022-01-22,1252137
Somalia,2022-01-16,5028
San Marino,2022-02-01,179
Qatar,2022-01-27,26784
Algeria,2022-01-01,22589
Malaysia,2022-02-12,143661
Kosovo,2022-02-17,1063
Iraq,2022-01-25,45840
Burkina Faso,2022-01-04,10718
Croatia,2022-02-18,3070
Hungary,2022-02-01,22101
Chad,2022-01-23,1229
Bhutan,2022-01-22,29022
United Kingdom,2022-01-31,95550
Lebanon,2022-02-15,9466
Norway,2022-01-23,39657
Australia,2022-02-17,141889
Saint Lucia,2022-01-07,100
Mexico,2022-02-16,517553
Guinea,2022-01-27,15190
Eswatini,2022-01-15,2307
Belarus,2022-01-10,40597
United Kingdom,2022-01-09,268621
United Arab Emirates,2022-01-21,32934
Turkey,2022-01-21,247116
Tanzania,2022-01-17,33124
Latvia,2022-02-19,1682
Mauritania,2022-02-08,4259
Nepal,2022-02-06,372902
Nepal,2022-01-26,232436
Venezuela,2022-02-04,229940
New Zealand,2022-02-01,47848
Chad,2022-01-31,1234
Lebanon,2022-01-12,28195
Singapore,2022-01-23,36921
Ecuador,2022-01-07,80177
Botswana,2022-02-07,2733
Colombia,2022-01-25,245006
Guyana,2022-02-01,1674
Vanuatu,2022-01-02,736
High income,2022-01-19,6113501
Liberia,2022-01-26,1580
China,2022-02-12,5385000
Mauritania,2022-01-21,5875
Denmark,2022-01-06,45413
Australia,2022-01-29,232428
High income,2022-02-11,3483006
Armenia,2022-02-09,4619
Portugal,2022-01-04,59345
India,2022-01-25,7758004
Jersey,2022-01-15,360
Guinea-Bissau,2022-01-14,143
Guinea-Bissau,2022-01-20,317
France,2022-02-17,161028
Iran,2022-01-26,385202
Japan,2022-01-28,250387
Lower middle income,2022-01-31,9410883
Low income,2022-02-12,364447
Zimbabwe,2022-02-04,10237
Lithuania,2022-01-26,6018
Iceland,2022-01-23,2363
Turkey,2022-01-23,216195
Costa Rica,2022-01-24,11140
Burundi,2022-01-24,62
Costa Rica,2022-01-15,18708
Jordan,2022-01-15,35491
Armenia,2022-02-06,4415
Bolivia,2022-01-07,99077
Papua New Guinea,2022-02-01,274
Upper middle income,2022-02-07,5145852
Low income,2022-01-06,768863
Palestine,2022-01-10,3012
Philippines,2022-01-18,763157
Finland,2022-02-17,9936
Suriname,2022-01-21,202
Greece,2022-01-04,73949
Scotland,2022-01-26,10424
North America,2022-02-02,1711203
Ghana,2022-02-04,84487
Niger,2022-01-20,972
Madagascar,2022-02-04,5727
Nepal,2022-01-28,252484
Bhutan,2022-02-13,7187
Switzerland,2022-02-06,16168
Guinea-Bissau,2022-01-13,131
Hong Kong,2022-02-19,85929
Slovakia,2022-01-23,13692
Bangladesh,2022-01-27,854891
Mexico,2022-02-13,407567
Curacao,2022-01-24,394
India,2022-01-18,5452050
British Virgin Islands,2022-02-06,6
Poland,2022-01-03,116273
Finland,2022-01-24,47288
Portugal,2022-01-18,81930
Uruguay,2022-02-11,7241
Aruba,2022-02-15,54
Belize,2022-02-05,593
Laos,2022-02-14,42107
Burundi,2022-01-18,56
San Marino,2022-01-23,342
Dominican Republic,2022-01-16,17863
Solomon Islands,2022-01-13,760
Dominica,2022-01-16,38
Africa,2022-02-12,1832913
Cuba,2022-01-15,183021
Greenland,2022-01-21,52
Andorra,2022-01-14,865
Norway,2022-01-01,16233
Moldova,2022-02-12,4817
Russia,2022-01-22,304067
Ukraine,2022-02-06,59718
Myanmar,2022-01-08,152764
Comoros,2022-01-22,609
Guinea,2022-01-30,11953
China,2022-02-01,3136714
Saint Kitts and Nevis,2022-02-14,220
Mauritania,2022-02-05,4508
Sri Lanka,2022-01-26,63769
South America,2022-02-06,2187185
Dominican Republic,2022-01-17,20772
Hong Kong,2022-02-16,83056
Mauritania,2022-02-13,3015
Venezuela,2022-02-11,128391
Singapore,2022-01-28,33336
Upper middle income,2022-01-12,10971878
Dominican Republic,2022-01-08,17752
Kazakhstan,2022-01-30,18049
Liechtenstein,2022-01-18,263
Nicaragua,2022-01-20,37999
Australia,2022-02-04,222311
Sweden,2022-01-11,43208
Czechia,2022-01-09,74795
Cyprus,2022-01-18,5482
Benin,2022-01-25,14887
Estonia,2022-01-19,4194
Cook Islands,2022-01-24,6
United Arab Emirates,2022-01-31,30729
Liberia,2022-01-17,1580
Moldova,2022-02-20,4905
Slovakia,2022-02-05,4865
Lithuania,2022-02-09,1819
Kazakhstan,2022-02-02,16821
Latvia,2022-01-28,5688
French Polynesia,2022-02-05,217
Spain,2022-01-25,232107
Kyrgyzstan,2022-01-27,8581
Cape Verde,2022-01-12,2334
South Korea,2022-01-10,448081
Namibia,2022-01-15,908
Nigeria,2022-01-05,138965
Paraguay,2022-01-14,27583
Syria,2022-02-11,2829
India,2022-02-04,5964928
England,2022-01-11,207160
Belgium,2022-02-10,31389
Moldova,2022-01-15,5972
South Africa,2022-01-22,65180
Democratic Republic of Congo,2022-01-12,5760
Albania,2022-01-01,5843
Uruguay,2022-02-15,5820
Hong Kong,2022-02-15,81663
Honduras,2022-01-26,29581
Montserrat,2022-01-05,5
High income,2022-01-16,6761990
Belarus,2022-01-18,58008
Slovenia,2022-01-19,7500
Belgium,2022-02-14,33732
Bermuda,2022-01-03,214
Kenya,2022-01-17,61315
Mali,2022-02-11,
Malta,2022-02-11,1224
Turks and Caicos Islands,2022-01-02,122
Italy,2022-01-02,452111
El Salvador,2022-01-28,9884
Kosovo,2022-01-14,2955
Croatia,2022-01-21,12666
South America,2022-01-05,1301207
Finland,2022-01-27,46080
Gambia,2022-01-11,2299
British Virgin Islands,2022-01-26,10
Sri Lanka,2022-02-08,121304
New Caledonia,2022-01-15,180
Benin,2022-01-11,16074
Poland,2022-02-10,76542
Madagascar,2022-01-11,6001
Samoa,2022-01-31,401
Taiwan,2022-01-13,67395
Mauritania,2022-02-11,3513
Czechia,2022-01-25,37382
Ecuador,2022-01-05,55341
Bangladesh,2022-02-03,957674
Curacao,2022-01-13,1210
Canada,2022-01-08,320012
Eswatini,2022-02-17,
Moldova,2022-02-04,4951
High income,2022-01-21,5828433
Sint Maarten (Dutch part),2022-02-10,59
Ghana,2022-01-09,59476
Honduras,2022-01-22,45920
Bermuda,2022-01-08,183
Gibraltar,2022-01-22,118
Faeroe Islands,2022-01-02,410
Togo,2022-01-07,4723
Senegal,2022-02-06,34340
Moldova,2022-02-06,5361
World,2022-02-09,20287917
Algeria,2022-01-12,19860
Uganda,2022-01-31,38994
Papua New Guinea,2022-01-11,650
Austria,2022-01-17,41744
Cambodia,2022-01-17,128622
Kazakhstan,2022-01-08,8379
Asia,2022-01-14,24417250
Northern Ireland,2022-01-10,7871
Aruba,2022-02-06,61
Georgia,2022-02-19,3160
Burundi,2022-01-12,41
El Salvador,2022-01-09,12606
South Sudan,2022-01-23,2682
Angola,2022-02-05,80077
Curacao,2022-02-09,192
Czechia,2022-02-03,25976
Afghanistan,2022-01-03,17604
Zambia,2022-01-23,20249
El Salvador,2022-01-06,8682
Kosovo,2022-01-31,4178
Slovenia,2022-02-14,1836
Honduras,2022-01-14,7298
Timor,2022-01-24,1527
Finland,2022-01-14,47469
Kyrgyzstan,2022-02-20,10460
Bolivia,2022-01-02,46509
Jersey,2022-01-31,129
Angola,2022-02-09,66547
Switzerland,2022-02-03,19125
Cook Islands,2022-01-22,5
Israel,2022-01-11,77192
South Africa,2022-01-21,64953
Jersey,2022-01-27,155
Sri Lanka,2022-01-17,88504
Guernsey,2022-01-26,77
Israel,2022-02-18,4096
Aruba,2022-01-22,153
Saint Lucia,2022-02-16,68
Jordan,2022-02-01,15005
Ethiopia,2022-02-19,753282
British Virgin Islands,2022-01-07,11
Kiribati,2022-01-22,330
Dominican Republic,2022-02-17,17751
Colombia,2022-01-14,249004
El Salvador,2022-01-11,15221
Hong Kong,2022-02-03,24336
South Sudan,2022-01-25,2758
Greece,2022-01-24,60801
Benin,2022-02-03,14887
Japan,2022-02-06,500114
Azerbaijan,2022-01-14,25887
Nigeria,2022-01-12,250175
Barbados,2022-01-07,244
Ethiopia,2022-01-11,528
Sao Tome and Principe,2022-01-09,384
South Africa,2022-01-02,24664
Hungary,2022-01-02,10347
Spain,2022-01-31,183986
Luxembourg,2022-01-17,6698
Syria,2022-01-04,77860
Israel,2022-01-30,10681
Lower middle income,2022-02-08,9137074
Singapore,2022-01-26,34223
Mauritania,2022-01-05,61459
Democratic Republic of Congo,2022-01-14,5082
Nepal,2022-01-08,218708
North America,2022-02-01,1747100
European Union,2022-01-22,2481023
Eswatini,2022-02-02,1736
Montenegro,2022-01-09,658
San Marino,2022-02-05,72
Guatemala,2022-02-09,48993
Saint Kitts and Nevis,2022-02-09,220
Taiwan,2022-01-17,353056
Belarus,2022-01-23,55068
San Marino,2022-01-20,296
Samoa,2022-02-07,401
Madagascar,2022-01-05,7645
Bahamas,2022-01-08,634
Cape Verde,2022-02-03,2853
Lebanon,2022-02-03,13633
Gambia,2022-01-05,2299
Suriname,2022-01-05,236
Sri Lanka,2022-02-13,56803
Samoa,2022-01-05,57
Morocco,2022-01-03,62250
Cape Verde,2022-01-01,968
Czechia,2022-02-11,13693
Japan,2022-01-15,124978
Isle of Man,2022-01-01,375
Scotland,2022-01-03,21250
Spain,2022-01-12,204594
Peru,2022-01-03,180110
San Marino,2022-01-16,233
Germany,2022-01-17,624653
Libya,2022-01-31,10899
Croatia,2022-02-16,3342
Canada,2022-02-18,89424
Cameroon,2022-01-09,254
Botswana,2022-01-14,2733
United States,2022-02-16,361977
Jersey,2022-01-24,178
Burundi,2022-01-05,41
Bahamas,2022-01-12,656
Colombia,2022-01-18,277851
Africa,2022-01-07,1828074
Mexico,2022-01-30,723325
Kenya,2022-01-26,64358
Singapore,2022-01-18,42687
Montenegro,2022-01-06,915
Cote d'Ivoire,2022-01-07,32293
Hong Kong,2022-02-05,25529
Mexico,2022-01-19,593054
Croatia,2022-01-29,7123
Bangladesh,2022-02-05,957674
Greece,2022-02-12,34739
Saint Vincent and the Grenadines,2022-01-05,82
Azerbaijan,2022-01-04,12957
United States,2022-01-25,758528
Maldives,2022-01-13,535
Malaysia,2022-01-29,180178
Saint Lucia,2022-01-25,82
Uruguay,2022-01-01,4128
Liechtenstein,2022-01-24,156
India,2022-01-06,7610504
Costa Rica,2022-01-21,14246
Antigua and Barbuda,2022-02-03,18
Chile,2022-01-13,91727
Timor,2022-01-20,1279
Philippines,2022-02-14,412525
World,2022-01-04,31112972
South Korea,2022-01-28,304584
Slovenia,2022-02-04,3013
Saint Lucia,2022-01-17,136
Slovenia,2022-01-20,5861
Laos,2022-01-10,35334
Kenya,2022-02-14,236375
Dominica,2022-01-20,39
Mali,2022-02-05,
Botswana,2022-01-13,2733
Eswatini,2022-02-11,949
New Zealand,2022-01-06,19023
Oman,2022-01-30,16068
Scotland,2022-01-15,19104
San Marino,2022-01-09,130
Bahamas,2022-01-26,434
Saint Lucia,2022-02-15,75
Cambodia,2022-02-02,46879
Myanmar,2022-01-04,188717
Africa,2022-02-09,1381450
Slovakia,2022-02-09,3827
Japan,2022-01-27,237492
Wales,2022-01-05,14671
Panama,2022-01-28,19563
Comoros,2022-01-08,609
Vietnam,2022-01-31,577553
Aruba,2022-01-19,63
Pakistan,2022-01-20,661152
Solomon Islands,2022-02-02,987
Uruguay,2022-01-02,4128
Samoa,2022-01-28,343
Zimbabwe,2022-01-31,9281
Belize,2022-02-12,458
United Arab Emirates,2022-02-01,30792
England,2022-01-02,240334
Armenia,2022-01-29,10002
Moldova,2022-01-06,2923
Bangladesh,2022-02-18,957674
Cook Islands,2022-01-15,4
Azerbaijan,2022-02-08,31802
Libya,2022-01-26,10664
Aruba,2022-01-12,77
Honduras,2022-01-18,31702
Montserrat,2022-02-06,8
Czechia,2022-01-17,63456
Malaysia,2022-02-02,104164
England,2022-02-14,54998
New Caledonia,2022-02-03,136
Vanuatu,2022-01-05,736
South Korea,2022-02-11,204509
Laos,2022-01-18,35334
European Union,2022-01-15,3098633
Rwanda,2022-01-03,126688
Afghanistan,2022-01-01,16935
Czechia,2022-01-19,54183
Africa,2022-01-20,1680192
Mexico,2022-02-08,530443
Norway,2022-02-01,23825
Germany,2022-02-01,320942
Cape Verde,2022-02-17,
Belgium,2022-02-07,30388
Slovenia,2022-01-17,8434
Myanmar,2022-01-29,135935
Russia,2022-01-09,94470
Sweden,2022-01-06,28410
Cambodia,2022-01-16,125653
Haiti,2022-01-31,1907
Peru,2022-01-28,120054
Bulgaria,2022-01-18,18307
Brunei,2022-01-11,3399
Taiwan,2022-01-23,391494
Moldova,2022-02-03,5345
Vietnam,2022-02-16,650702
Sweden,2022-01-16,67332
British Virgin Islands,2022-01-17,23
Uganda,2022-01-30,38994
Cuba,2022-01-10,129719
Turks and Caicos Islands,2022-01-19,122
Africa,2022-01-18,1666666
Bahamas,2022-01-09,640
Mozambique,2022-01-09,228379
Kenya,2022-01-24,61201
France,2022-01-15,540588
Japan,2022-01-25,210041
Anguilla,2022-02-02,31
Saint Vincent and the Grenadines,2022-01-07,82
Norway,2022-02-10,9972
Bhutan,2022-01-25,25601
Vanuatu,2022-02-03,399
Scotland,2022-01-13,19996
Curacao,2022-01-12,1428
Mozambique,2022-01-27,80250
Northern Ireland,2022-01-12,7409
Myanmar,2022-01-14,177262
South America,2022-01-21,2705088
Europe,2022-01-05,3023659
Senegal,2022-01-14,4472
England,2022-01-29,83760
Bahamas,2022-01-25,434
Fiji,2022-01-03,384
Suriname,2022-02-05,161
El Salvador,2022-01-16,15221
Maldives,2022-01-28,3023
Zambia,2022-01-18,35424
Nicaragua,2022-01-06,21715
Antigua and Barbuda,2022-01-30,55
Indonesia,2022-02-09,1252137
Slovenia,2022-01-01,3843
Cameroon,2022-01-13,254
Grenada,2022-02-06,75
Burundi,2022-01-21,62
Benin,2022-01-01,19531
Malaysia,2022-01-10,204904
Democratic Republic of Congo,2022-01-09,3715
Thailand,2022-02-20,219344
Cook Islands,2022-01-13,4
Trinidad and Tobago,2022-01-17,2428
India,2022-02-19,4013738
Algeria,2022-01-30,16222
Dominica,2022-01-07,132
Bangladesh,2022-01-03,829757
Bhutan,2022-01-20,19400
Ethiopia,2022-01-29,455
Malawi,2022-01-31,1660
Mexico,2022-01-29,820345
Hungary,2022-01-18,26218
Armenia,2022-01-18,8700
Kenya,2022-01-14,57841
Portugal,2022-02-03,76325
Ukraine,2022-01-24,66906
Gibraltar,2022-02-08,88
Croatia,2022-01-31,6927
Haiti,2022-02-02,1422
Jordan,2022-01-09,35491
Argentina,2022-01-21,369693
Ethiopia,2022-02-13,12752
Aruba,2022-02-03,65
Romania,2022-02-02,17672
New Caledonia,2022-01-24,203
Nigeria,2022-01-17,216419
Macao,2022-01-13,2413
Central African Republic,2022-01-23,3302
Gibraltar,2022-02-10,88
British Virgin Islands,2022-02-08,3
Sint Maarten (Dutch part),2022-02-05,59
Montenegro,2022-02-15,350
Togo,2022-01-10,4780
Serbia,2022-02-05,3626
San Marino,2022-01-01,204
Liechtenstein,2022-01-10,250
Upper middle income,2022-01-02,14235631
Colombia,2022-01-07,210129
Kazakhstan,2022-02-07,16123
Botswana,2022-02-04,2733
Iceland,2022-01-22,2442
Canada,2022-01-15,363392
Papua New Guinea,2022-01-28,473
Nicaragua,2022-02-03,30097
Spain,2022-02-08,108903
Singapore,2022-01-12,48168
Chile,2022-01-04,122811
Africa,2022-01-01,2176703
Africa,2022-02-03,1196500
Samoa,2022-02-05,401
Afghanistan,2022-01-20,8235
Switzerland,2022-01-13,66519
Cuba,2022-01-26,98886
Djibouti,2022-01-10,608
Jersey,2022-01-30,135
Italy,2022-01-10,588092
Wallis and Futuna,2022-01-02,7
Curacao,2022-01-01,1499
Iran,2022-02-06,521060
Eswatini,2022-02-10,949
Malawi,2022-01-19,1620
Qatar,2022-02-19,18081
United States,2022-01-31,639714
Laos,2022-02-07,48048
Mozambique,2022-01-11,284993
Saudi Arabia,2022-02-11,147813
Qatar,2022-01-08,9947
Somalia,2022-01-21,2564
United Kingdom,2022-01-21,128795
Tanzania,2022-01-06,33124
Zimbabwe,2022-02-14,8748
Greece,2022-01-15,77109
World,2022-01-30,23382612
Cape Verde,2022-01-16,2873
Suriname,2022-01-16,269
Hungary,2022-02-07,11322
Zimbabwe,2022-01-01,9599
Malawi,2022-01-14,3094
Solomon Islands,2022-01-14,760
Saudi Arabia,2022-02-09,165655
Iceland,2022-01-24,2285
Paraguay,2022-01-21,18500
Samoa,2022-01-25,285
China,2022-01-09,7379857
Montenegro,2022-02-01,397
Portugal,2022-01-21,79400
Senegal,2022-01-29,4472
China,2022-02-03,1734857
Trinidad and Tobago,2022-01-29,1862
Djibouti,2022-01-07,608
Lithuania,2022-01-03,12346
Iran,2022-01-09,459558
Cuba,2022-02-12,26316
Barbados,2022-01-17,287
Upper middle income,2022-01-16,10287324
Djibouti,2022-01-04,608
Tunisia,2022-02-05,9993
Croatia,2022-01-28,8004
Bermuda,2022-01-25,473
Angola,2022-01-24,137872
Macao,2022-02-19,2811
Georgia,2022-02-03,6700
Kuwait,2022-01-04,14965
China,2022-01-29,4787714
North Macedonia,2022-01-21,1267
Afghanistan,2022-02-08,13311
Angola,2022-01-27,133314
China,2022-02-02,2405429
Oceania,2022-01-29,298409
Jamaica,2022-01-22,3322
Cote d'Ivoire,2022-02-05,65578
Nigeria,2022-01-21,226730
Bolivia,2022-01-27,43021
Bulgaria,2022-01-27,8746
Cyprus,2022-02-05,6868
Mexico,2022-01-16,562477
Ireland,2022-01-06,27070
Benin,2022-01-02,18595
Suriname,2022-01-17,253
Lebanon,2022-02-18,10363
Nicaragua,2022-02-01,32391
Burundi,2022-01-13,41
Kiribati,2022-01-02,640
Curacao,2022-02-20,139
Eswatini,2022-01-12,1873
Bahamas,2022-01-01,618
Germany,2022-01-06,425485
Mexico,2022-02-19,714560
Philippines,2022-02-07,310566
North Macedonia,2022-01-11,1615
United States,2022-02-18,255748
Anguilla,2022-01-23,29
Gibraltar,2022-02-01,77
Australia,2022-01-18,283103
Anguilla,2022-01-28,28
Ethiopia,2022-02-03,321
United Kingdom,2022-02-06,74361
Myanmar,2022-02-10,123704
United Kingdom,2022-01-18,150437
Uganda,2022-01-24,30601
Montenegro,2022-02-19,318
Tajikistan,2022-02-05,42850
New Zealand,2022-01-12,41837
Latvia,2022-01-15,9285
Somalia,2022-02-08,2282
Montenegro,2022-02-09,417
Cambodia,2022-02-06,36884
Germany,2022-02-18,137003
Gibraltar,2022-01-20,127
Cyprus,2022-02-10,2526
Comoros,2022-01-19,609
High income,2022-01-30,4562997
Andorra,2022-01-16,865
Oman,2022-02-04,14416
Indonesia,2022-02-14,1252137
Poland,2022-01-31,123353
Guinea-Bissau,2022-01-25,763
Laos,2022-01-20,38966
Thailand,2022-02-06,255520
Sudan,2022-01-20,10503
Costa Rica,2022-01-10,19511
Bangladesh,2022-01-21,1821961
Indonesia,2022-02-12,1252137
Guinea-Bissau,2022-02-03,3165
Mozambique,2022-01-24,121920
Timor,2022-01-13,1187
United Kingdom,2022-02-05,78398
Belgium,2022-02-17,31034
Kazakhstan,2022-02-10,16638
Low income,2022-02-03,375407
Trinidad and Tobago,2022-02-15,1529
Costa Rica,2022-02-01,13680
Asia,2022-01-06,21865914
Kuwait,2022-02-10,25583
Lithuania,2022-02-15,1259
Comoros,2022-02-04,4995
Romania,2022-02-16,8087
Netherlands,2022-01-09,256003
Angola,2022-02-08,69930
Brazil,2022-01-22,1780427
Cook Islands,2022-02-07,6
Jamaica,2022-01-26,3220
Turkey,2022-02-08,161766
Brazil,2022-02-19,1057782
Uruguay,2022-02-05,10917
Bosnia and Herzegovina,2022-01-03,4315
Kuwait,2022-01-01,15791
Timor,2022-01-19,1217
Upper middle income,2022-01-24,8910868
China,2022-01-14,5887000
New Caledonia,2022-01-08,153
Guinea-Bissau,2022-01-10,90
Guinea-Bissau,2022-01-05,53
Kiribati,2022-02-02,330
Argentina,2022-02-11,227376
Belize,2022-01-01,338
Senegal,2022-01-25,4472
Curacao,2022-02-05,241
Wallis and Futuna,2022-01-08,7
Haiti,2022-02-13,453
Curacao,2022-01-15,734
World,2022-02-12,22377384
Sweden,2022-01-26,72919
Malta,2022-02-15,1175
Namibia,2022-01-06,648
Singapore,2022-02-02,20582
Bhutan,2022-01-13,157
Uruguay,2022-02-06,10916
Honduras,2022-01-19,37803
Timor,2022-02-04,642
Belgium,2022-01-22,72269
Central African Republic,2022-02-04,6515
Haiti,2022-01-21,251
Japan,2022-02-05,466322
Yemen,2022-01-19,3098
Kyrgyzstan,2022-01-07,4240
Jamaica,2022-02-20,1745
Saint Lucia,2022-02-02,73
Oceania,2022-02-12,237284
Nigeria,2022-01-09,245463
Bulgaria,2022-02-06,6910
Malaysia,2022-01-08,200581
Morocco,2022-01-02,54838
Armenia,2022-01-03,4803
Panama,2022-01-23,24311
Netherlands,2022-02-19,5220
Timor,2022-01-05,1033
Brunei,2022-01-02,5535
Algeria,2022-01-02,22589
World,2022-01-26,26946295
Sudan,2022-01-16,8915
United Arab Emirates,2022-01-10,28598
Germany,2022-02-05,249507
Low income,2022-01-11,989458
Namibia,2022-01-07,735
Australia,2022-01-08,200939
Ukraine,2022-01-02,64009
Belgium,2022-02-15,33478
Bermuda,2022-01-28,546
Tunisia,2022-01-13,17636
Kyrgyzstan,2022-02-15,8484
Dominica,2022-02-01,105
Chad,2022-01-24,1229
Wales,2022-01-26,6172
Estonia,2022-01-12,4539
South Sudan,2022-01-08,810
Cyprus,2022-01-04,3393
Mongolia,2022-02-08,392
Romania,2022-01-05,17667
Belarus,2022-01-15,56087
Upper middle income,2022-01-18,10073935
Botswana,2022-01-27,2733
Russia,2022-01-08,66419
Venezuela,2022-02-08,171912
Samoa,2022-01-04,57
Djibouti,2022-02-06,120
Kuwait,2022-02-07,5629
Costa Rica,2022-01-29,12494
Madagascar,2022-01-18,5727
Chad,2022-02-17,
Hungary,2022-01-22,25664
Uruguay,2022-01-15,21213
Burundi,2022-01-26,62
Central African Republic,2022-01-22,2999
Sri Lanka,2022-02-06,122864
Nepal,2022-02-04,342787
North America,2022-02-05,1460463
Slovakia,2022-02-06,4514
Thailand,2022-01-20,448570
Jersey,2022-01-18,279
Somalia,2022-01-29,1578
Dominican Republic,2022-02-04,34536
Jersey,2022-02-04,115
Upper middle income,2022-01-01,14814785
Malaysia,2022-01-31,157039
Saint Lucia,2022-01-29,58
Zimbabwe,2022-02-16,8399
Europe,2022-01-23,3047553
Tajikistan,2022-01-27,37340
Africa,2022-01-23,2302217
South America,2022-01-19,2657770
Hungary,2022-01-27,24749
Panama,2022-01-09,25251
Saudi Arabia,2022-02-07,200639
Belgium,2022-01-24,65582
Antigua and Barbuda,2022-01-08,57
Gambia,2022-01-10,2299
Sudan,2022-01-10,8915
China,2022-02-04,1247714
Botswana,2022-01-19,2733
Singapore,2022-01-27,33963
Guinea-Bissau,2022-01-23,648
Antigua and Barbuda,2022-01-15,111
Djibouti,2022-01-31,461
Serbia,2022-01-09,758
Greenland,2022-01-12,51
Ireland,2022-01-27,9079
Afghanistan,2022-02-06,12847
Scotland,2022-01-01,23840
Northern Ireland,2022-01-08,6921
Guernsey,2022-02-10,91
Turks and Caicos Islands,2022-01-14,122
Japan,2022-02-07,558535
Croatia,2022-01-11,15424
Bermuda,2022-02-05,180
Cook Islands,2022-01-16,4
Latvia,2022-01-10,10444
Scotland,2022-02-14,6613
Dominican Republic,2022-01-22,19847
World,2022-01-27,26273835
Niger,2022-01-21,972
Democratic Republic of Congo,2022-02-06,5476
Cook Islands,2022-01-20,4
Cote d'Ivoire,2022-01-24,11498
Mali,2022-02-04,
Macao,2022-01-02,1374
Germany,2022-02-02,300683
Chile,2022-02-09,59484
Fiji,2022-01-19,160
Ethiopia,2022-02-05,226
Lower middle income,2022-01-03,12656196
Croatia,2022-02-12,3874
United States,2022-02-06,491060
Asia,2022-02-08,12295126
Djibouti,2022-02-04,188
Pakistan,2022-01-12,663710
South Sudan,2022-01-02,810
Guyana,2022-01-30,1792
Oman,2022-01-23,15445
Guinea,2022-01-20,167903
Albania,2022-01-21,5471
Egypt,2022-01-11,338800
Switzerland,2022-01-16,62444
Uzbekistan,2022-01-20,3947
Pakistan,2022-01-22,632491
Zimbabwe,2022-02-13,8749
Saint Vincent and the Grenadines,2022-01-13,82
Saint Vincent and the Grenadines,2022-01-31,145
Northern Ireland,2022-01-15,7079
French Polynesia,2022-01-30,217
Eswatini,2022-01-10,1979
Canada,2022-01-11,367720
Malta,2022-01-18,4785
Europe,2022-01-07,3428648
Cuba,2022-02-06,42624
Taiwan,2022-02-14,249437
Latvia,2022-02-04,3854
Suriname,2022-01-30,251
Faeroe Islands,2022-01-29,141
Iraq,2022-02-13,40689
Lebanon,2022-01-22,13617
Switzerland,2022-01-30,27786
Isle of Man,2022-01-24,136
Austria,2022-01-14,47284
Kiribati,2022-01-11,1018
Japan,2022-02-15,729626
Bulgaria,2022-01-15,21922
Lower middle income,2022-01-07,13407919
Sint Maarten (Dutch part),2022-01-07,15
Luxembourg,2022-01-26,4392
Kazakhstan,2022-01-20,17989
Scotland,2022-02-15,7088
Austria,2022-01-23,32518
Tunisia,2022-01-29,9639
Somalia,2022-01-04,5028
Austria,2022-01-07,41997
Cook Islands,2022-02-03,6
Guyana,2022-01-25,1967
Belize,2022-01-03,338
Andorra,2022-01-22,708
San Marino,2022-02-02,152
South Africa,2022-01-07,50181
Cayman Islands,2022-01-05,226
Bangladesh,2022-01-07,829757
Sweden,2022-01-18,70352
England,2022-02-05,65460
Dominican Republic,2022-02-19,16360
Laos,2022-01-04,35334
Kiribati,2022-01-14,723
Russia,2022-01-01,433021
Somalia,2022-02-07,1930
Namibia,2022-01-17,908
Costa Rica,2022-01-22,13210
Mali,2022-01-28,
Kazakhstan,2022-02-01,17428
Romania,2022-02-14,9135
Kyrgyzstan,2022-02-03,8803
Fiji,2022-01-16,208
Montenegro,2022-02-12,377
Saint Lucia,2022-01-01,81
Morocco,2022-01-01,54224
Mauritania,2022-01-02,68628
Malaysia,2022-01-30,172617
Somalia,2022-01-30,1578
Myanmar,2022-01-12,167463
Nicaragua,2022-01-15,34141
European Union,2022-02-16,953962
Bhutan,2022-01-10,157
Cyprus,2022-02-14,2239
Thailand,2022-02-10,269629
Venezuela,2022-02-09,157405
Guernsey,2022-01-22,72
Europe,2022-01-06,3036902
Wallis and Futuna,2022-01-13,7
Burundi,2022-01-31,62
Bahamas,2022-01-13,624
Costa Rica,2022-01-14,18868
South Sudan,2022-01-15,1288
Kenya,2022-02-15,235247
Sweden,2022-02-18,35180
Liechtenstein,2022-01-14,340
Grenada,2022-01-28,116
Turks and Caicos Islands,2022-02-01,122
Barbados,2022-01-29,180
Netherlands,2022-02-06,30149
Mozambique,2022-01-05,104342
Senegal,2022-01-23,4472
Vietnam,2022-01-01,1016358
Philippines,2022-01-13,775542
South Sudan,2022-01-03,810
Greece,2022-01-23,63210
Moldova,2022-02-13,5102
Italy,2022-02-09,297920
Gibraltar,2022-01-10,46
Zambia,2022-01-28,13664
Serbia,2022-01-27,4200
England,2022-01-17,125443
Bolivia,2022-01-03,60539
Curacao,2022-01-19,508
Poland,2022-01-12,164695
Timor,2022-01-14,1181
Singapore,2022-01-15,46866
Qatar,2022-02-07,23671
Oman,2022-01-20,13577
Eswatini,2022-01-02,746
Chad,2022-01-21,1605
High income,2022-02-19,2815396
South America,2022-01-15,2148006
Estonia,2022-02-11,1337
Guinea-Bissau,2022-02-01,1702
Sierra Leone,2022-02-04,6243
Luxembourg,2022-01-04,4521
South Africa,2022-01-14,83984
North America,2022-01-09,2316252
Spain,2022-02-11,96253
Jamaica,2022-01-20,3189
North Macedonia,2022-02-05,992
Estonia,2022-01-31,2614
Belarus,2022-01-30,44895
Mongolia,2022-01-08,2973
North America,2022-01-13,2460876
Lithuania,2022-02-06,2513
Malaysia,2022-01-01,140469
Qatar,2022-01-16,16347
Kosovo,2022-02-14,1175
Norway,2022-01-02,16238
Indonesia,2022-01-21,1252137
Barbados,2022-01-26,160
Jordan,2022-01-07,35491
South Africa,2022-02-11,120816
Peru,2022-02-12,99989
Trinidad and Tobago,2022-01-24,1807
Aruba,2022-02-07,61
New Zealand,2022-01-11,41790
Singapore,2022-01-08,48902
Gabon,2022-01-15,3128
England,2022-01-15,144365
Algeria,2022-01-24,16222
Ireland,2022-01-09,32063
United States,2022-01-15,1096867
Namibia,2022-01-05,562
United States,2022-01-17,1021793
World,2022-01-10,36970856
Mali,2022-01-22,
United Arab Emirates,2022-01-01,27043
Libya,2022-02-03,10938
Burundi,2022-01-17,53
Oceania,2022-01-12,295763
Ethiopia,2022-02-18,490826
Qatar,2022-02-14,17213
Cuba,2022-01-09,114054
Kazakhstan,2022-01-01,17862
Northern Ireland,2022-01-17,5841
Singapore,2022-01-09,48888
Honduras,2022-02-09,16773
Wallis and Futuna,2022-01-14,7
Armenia,2022-02-07,4483
Laos,2022-01-01,35334
Norway,2022-02-17,5803
Gambia,2022-01-12,2299
Somalia,2022-02-09,2634
Nicaragua,2022-02-04,28501
Gambia,2022-01-17,2299
Tunisia,2022-01-08,30102
Bhutan,2022-01-01,518
Niger,2022-01-23,972
Mali,2022-01-15,11722
Portugal,2022-01-01,46584
Suriname,2022-02-17,134
Czechia,2022-01-03,41646
Albania,2022-01-02,5785
Norway,2022-01-16,54933
Bermuda,2022-01-21,184
Anguilla,2022-02-16,30
Tajikistan,2022-01-19,47841
United States,2022-02-10,443772
Qatar,2022-01-19,20251
Germany,2022-01-14,647657
Libya,2022-01-01,8463
Congo,2022-02-17,
England,2022-02-15,54050
Turks and Caicos Islands,2022-02-05,105
Kuwait,2022-01-06,14198
Ireland,2022-01-26,10081
Bulgaria,2022-02-08,6500
Indonesia,2022-02-05,1252137
France,2022-02-08,204505
Taiwan,2022-02-09,115838
Gibraltar,2022-02-17,66
Saudi Arabia,2022-01-10,200940
South America,2022-02-20,1588163
Lower middle income,2022-02-19,11848917
Brazil,2022-02-18,1042696
Albania,2022-01-24,5471
Bulgaria,2022-01-12,24705
Dominica,2022-02-06,73
Luxembourg,2022-02-01,2866
Tunisia,2022-02-11,7774
Azerbaijan,2022-01-28,24491
Saint Kitts and Nevis,2022-01-28,41
Iran,2022-01-16,545704
Cote d'Ivoire,2022-02-06,65578
Ukraine,2022-02-01,62493
Saudi Arabia,2022-01-02,223118
Romania,2022-01-28,16182
Ethiopia,2022-01-05,7417
Greenland,2022-01-02,7
South America,2022-01-12,2026194
Faeroe Islands,2022-02-14,24
French Polynesia,2022-02-12,210
Bhutan,2022-02-11,6022
Japan,2022-02-19,888283
Jamaica,2022-02-09,2250
Mozambique,2022-02-01,34393
Poland,2022-02-09,80470
Slovenia,2022-01-23,3010
Ukraine,2022-02-11,57975
Austria,2022-01-02,35485
Guinea,2022-01-16,76973
Syria,2022-01-14,4079
Romania,2022-01-07,22703
Solomon Islands,2022-01-11,760
Senegal,2022-01-07,1033
Kazakhstan,2022-01-22,18755
Tanzania,2022-01-18,33124
North Macedonia,2022-02-02,1060
Uruguay,2022-01-26,18384
Montenegro,2022-02-07,434
Estonia,2022-01-04,3109
Saint Kitts and Nevis,2022-01-15,58
Europe,2022-01-30,2620975
British Virgin Islands,2022-01-22,20
Niger,2022-01-06,18757
Qatar,2022-02-18,16108
Liberia,2022-01-01,11591
Finland,2022-01-10,54967
Bolivia,2022-01-21,61476
Estonia,2022-02-17,1090
Wales,2022-01-03,19090
Wales,2022-02-11,3268
Ethiopia,2022-02-14,16977
Romania,2022-01-25,14341
France,2022-01-17,507139
Costa Rica,2022-02-12,19236
Nicaragua,2022-01-11,27061
Madagascar,2022-01-31,5727
Barbados,2022-01-05,131
Papua New Guinea,2022-01-19,253
Timor,2022-01-12,1194
Maldives,2022-01-15,839
Uruguay,2022-01-09,4701
Armenia,2022-02-12,4823
Greece,2022-01-03,75823
Panama,2022-01-04,16881
Malawi,2022-02-16,2747
Australia,2022-01-31,219391
South Africa,2022-02-01,59829
Serbia,2022-01-31,3783
Qatar,2022-01-04,7606
Russia,2022-01-13,408373
Kyrgyzstan,2022-01-01,5202
Brunei,2022-01-26,2218
Guinea,2022-01-23,99365
Burundi,2022-01-16,50
Czechia,2022-02-13,13236
Antigua and Barbuda,2022-01-09,68
Pakistan,2022-02-04,1090177
Guinea-Bissau,2022-01-28,686
Lithuania,2022-01-07,15086
Malaysia,2022-01-14,212708
Zambia,2022-01-06,20378
Saint Kitts and Nevis,2022-02-05,108
El Salvador,2022-01-17,15221
Chile,2022-02-15,71213
Kazakhstan,2022-01-04,14743
Botswana,2022-01-28,2733
Guyana,2022-02-14,1163
Ethiopia,2022-02-02,337
United Kingdom,2022-01-30,98843
Isle of Man,2022-01-25,149
Venezuela,2022-01-03,126261
India,2022-01-08,7705373
Estonia,2022-01-21,3781
Malawi,2022-02-17,2687
Iceland,2022-01-26,2000
United Kingdom,2022-01-04,262057
Montenegro,2022-01-28,517
Georgia,2022-02-14,3412
Malawi,2022-02-14,1446
Israel,2022-02-06,8075
Cape Verde,2022-02-11,1691
Wales,2022-02-18,5533
Kyrgyzstan,2022-02-06,7080
Guernsey,2022-02-13,85
Romania,2022-02-19,7117
Niger,2022-01-30,972
Greece,2022-01-18,73045
Nicaragua,2022-01-12,28398
North Macedonia,2022-01-23,1128
Kazakhstan,2022-02-17,336890
Rwanda,2022-01-18,127901
Haiti,2022-01-09,251
Georgia,2022-01-03,5586
Qatar,2022-02-12,16196
Europe,2022-02-19,1300640
British Virgin Islands,2022-01-20,22
England,2022-01-26,89676
Equatorial Guinea,2022-01-15,215
South Korea,2022-02-17,178156
Bahamas,2022-01-29,384
Kuwait,2022-01-10,12473
Kenya,2022-02-10,225809
Morocco,2022-01-08,75331
Lithuania,2022-02-01,4409
Brazil,2022-01-31,1089297
Africa,2022-01-12,1891667
Solomon Islands,2022-01-06,703
Brazil,2022-02-12,1293421
Singapore,2022-01-01,40343
Madagascar,2022-02-02,5727
Iraq,2022-01-10,46020
South America,2022-01-04,1363706
Somalia,2022-01-14,5028
Portugal,2022-01-29,82377
Argentina,2022-02-08,214656
Equatorial Guinea,2022-01-01,49
Equatorial Guinea,2022-01-11,120
Namibia,2022-02-11,846
Egypt,2022-01-28,251646
Iceland,2022-01-07,786
Africa,2022-01-25,1932065
Guyana,2022-01-12,2051
Yemen,2022-01-30,2671
Eswatini,2022-01-04,1154
Comoros,2022-01-20,609
Tonga,2022-01-13,162
Eswatini,2022-01-17,3145
Cook Islands,2022-02-01,6
Hungary,2022-01-14,26012
Solomon Islands,2022-01-25,1188
South America,2022-01-10,2042063
Portugal,2022-01-14,68843
Malawi,2022-01-22,1670
Niger,2022-01-26,972
United Kingdom,2022-01-16,170973
Anguilla,2022-01-13,21
South America,2022-01-22,2788822
New Zealand,2022-01-20,42727
Moldova,2022-01-14,5806
Palestine,2022-01-08,3012
Eswatini,2022-02-08,949
Belarus,2022-01-22,55656
Somalia,2022-01-27,1578
Burundi,2022-02-06,67
Australia,2022-02-10,185000
Namibia,2022-01-25,13260
Anguilla,2022-01-12,21
Gambia,2022-01-07,2299
Anguilla,2022-01-06,21
Guernsey,2022-01-11,283
Afghanistan,2022-01-30,10925
Qatar,2022-01-26,25532
France,2022-01-25,308889
European Union,2022-02-04,1575852
New Zealand,2022-01-08,27107
Philippines,2022-01-11,744828
Iraq,2022-01-11,50343
Bangladesh,2022-02-10,957674
South America,2022-01-23,2414539
Israel,2022-02-11,6554
Israel,2022-02-20,3356
Grenada,2022-02-04,82
Nauru,2022-01-05,1
Chad,2022-01-06,2544
South America,2022-01-02,1290137
French Polynesia,2022-01-07,453
Albania,2022-01-06,7120
Trinidad and Tobago,2022-01-05,3206
Fiji,2022-02-04,238
Turks and Caicos Islands,2022-01-08,122
Philippines,2022-02-04,378400
Netherlands,2022-02-16,11380
Greenland,2022-01-04,7
North America,2022-01-23,2134168
Wallis and Futuna,2022-01-17,6
Oman,2022-01-24,16068
Jordan,2022-01-30,15517
Northern Ireland,2022-01-19,4857
Luxembourg,2022-01-16,6769
Cook Islands,2022-02-05,6
Serbia,2022-01-26,4084
Mali,2022-02-07,
South Korea,2022-01-31,271073
Saudi Arabia,2022-01-20,169351
Angola,2022-02-17,
Sri Lanka,2022-02-17,51998
Gibraltar,2022-01-17,132
Macao,2022-01-30,2047
Switzerland,2022-01-09,70643
Belize,2022-01-28,785
Cook Islands,2022-01-17,4
Cote d'Ivoire,2022-02-08,65578
Armenia,2022-01-30,9896
Indonesia,2022-01-11,1252137
Iran,2022-01-17,506338
Ecuador,2022-01-25,69807
Spain,2022-01-11,176297
Angola,2022-02-04,83460
Solomon Islands,2022-01-16,760
Antigua and Barbuda,2022-01-26,103
Papua New Guinea,2022-01-09,595
Faeroe Islands,2022-01-08,375
Niger,2022-01-09,18757
Sri Lanka,2022-02-02,91930
World,2022-01-14,35157456
Montenegro,2022-01-17,747
Israel,2022-02-16,4706
Gibraltar,2022-01-21,107
Aruba,2022-02-12,60
Fiji,2022-01-17,182
El Salvador,2022-02-07,9649
Nicaragua,2022-01-28,35183
Samoa,2022-02-09,401
Albania,2022-01-18,5471
Argentina,2022-01-12,411708
El Salvador,2022-01-24,10607
Wales,2022-02-06,3748
Nigeria,2022-01-15,225639
Comoros,2022-01-07,609
Armenia,2022-01-26,10322
Guernsey,2022-01-02,1747
Nepal,2022-02-08,360824
Qatar,2022-02-08,21516
Maldives,2022-01-26,2825
Tanzania,2022-01-10,33124
Serbia,2022-02-06,3658
Bahamas,2022-02-04,316
El Salvador,2022-02-12,7819
Rwanda,2022-01-21,127901
Somalia,2022-01-25,1578
Afghanistan,2022-02-01,11228
Gambia,2022-01-08,2299
New Zealand,2022-02-05,40596
Niger,2022-01-05,18757
Democratic Republic of Congo,2022-01-05,989
Paraguay,2022-01-08,28189
Germany,2022-02-10,209420
Papua New Guinea,2022-02-12,739
Kyrgyzstan,2022-01-28,8971
Luxembourg,2022-01-05,4593
Brazil,2022-02-10,1219959
High income,2022-01-27,4944355
Dominican Republic,2022-02-08,23947
British Virgin Islands,2022-01-24,15
Lithuania,2022-01-30,5371
Indonesia,2022-01-10,1252137
Myanmar,2022-01-18,185140
Libya,2022-01-29,11124
Zimbabwe,2022-01-16,13882
Gibraltar,2022-01-02,17
Liechtenstein,2022-01-25,127
Albania,2022-01-05,6471
Venezuela,2022-01-20,126261
Gibraltar,2022-01-11,55
Norway,2022-01-21,42361
Australia,2022-01-07,177590
Iceland,2022-01-04,497
Saint Vincent and the Grenadines,2022-01-18,82
Wallis and Futuna,2022-01-15,6
Afghanistan,2022-01-04,17604
Denmark,2022-02-16,2955
Germany,2022-01-18,604107
European Union,2022-02-12,1129119
Canada,2022-01-05,266746
Guernsey,2022-01-16,177
Cayman Islands,2022-01-09,212
Curacao,2022-02-03,257
Kiribati,2022-01-30,330
Upper middle income,2022-02-10,7751216
Faeroe Islands,2022-01-14,265
Ecuador,2022-01-08,86424
Jamaica,2022-01-01,1407
Curacao,2022-02-14,146
Tajikistan,2022-01-30,46714
Guinea-Bissau,2022-02-12,9511
Belarus,2022-01-09,37499
Greenland,2022-01-19,51
Armenia,2022-01-19,9024
Sierra Leone,2022-01-28,24900
South Africa,2022-02-17,91954
Tajikistan,2022-01-06,54820
Paraguay,2022-02-14,22664
North Macedonia,2022-01-20,1336
Papua New Guinea,2022-02-13,676
Scotland,2022-02-07,5913
Senegal,2022-01-16,4472
Ukraine,2022-01-21,68767
World,2022-01-19,30186553
Jersey,2022-01-26,162
Sint Maarten (Dutch part),2022-02-08,59
New Zealand,2022-02-07,46996
French Polynesia,2022-01-22,433
Serbia,2022-01-21,5731
Chad,2022-01-29,1229
Somalia,2022-01-28,1578
India,2022-02-09,4713271
Maldives,2022-01-18,1803
Algeria,2022-01-29,16222
Cote d'Ivoire,2022-01-19,10513
Montserrat,2022-01-28,16
Estonia,2022-01-11,4525
Kuwait,2022-01-05,14965
Albania,2022-01-09,8502
Iraq,2022-01-04,35970
Estonia,2022-02-18,1057
Lower middle income,2022-01-26,12352525
Canada,2022-02-04,196625
United States,2022-01-19,930887
Hong Kong,2022-01-04,23581
Grenada,2022-01-07,175
Slovenia,2022-01-25,2815
Liberia,2022-01-04,11591
Iraq,2022-01-28,43895
Turkey,2022-01-20,283559
Montenegro,2022-01-22,654
Belarus,2022-01-08,41770
Armenia,2022-02-11,4755
Guyana,2022-01-15,2015
Myanmar,2022-01-30,129771
Djibouti,2022-01-19,595
Montenegro,2022-02-10,415
Dominica,2022-01-01,152
Sao Tome and Principe,2022-01-01,384
Gibraltar,2022-01-15,135
India,2022-01-05,6715446
Kosovo,2022-01-20,4045
Greece,2022-01-02,74514
Russia,2022-01-16,369940
Bermuda,2022-02-14,145
Moldova,2022-01-05,2621
Tonga,2022-01-14,145
Kenya,2022-01-16,66556
Montserrat,2022-02-08,11
South Korea,2022-01-06,413545
Pakistan,2022-01-26,534708
Kosovo,2022-02-15,1141
Uganda,2022-01-19,29203
Czechia,2022-02-15,11538
Trinidad and Tobago,2022-01-11,3661
Armenia,2022-02-10,4687
Somalia,2022-02-03,1578
Central African Republic,2022-01-11,3596
Finland,2022-01-20,32017
Senegal,2022-02-05,26873
Chad,2022-01-22,1417
Israel,2022-01-15,63861
Aruba,2022-01-14,66
Niger,2022-01-04,18757
Cuba,2022-02-15,21657
Sudan,2022-01-28,72864
South Sudan,2022-02-04,4747
Honduras,2022-01-08,27940
Central African Republic,2022-01-30,4817
Bahamas,2022-01-03,618
Pakistan,2022-01-10,600999
South Africa,2022-02-20,62772
Cameroon,2022-01-10,254
Syria,2022-01-18,3543
Vietnam,2022-01-22,1090513
Slovenia,2022-01-07,6659
Ireland,2022-01-04,31257
Timor,2022-02-03,660
Vietnam,2022-02-05,151858
Australia,2022-01-03,82527
Ecuador,2022-02-09,64408
Saint Kitts and Nevis,2022-01-08,85
Montenegro,2022-01-31,399
Panama,2022-01-24,27091
Sri Lanka,2022-01-09,39230
Portugal,2022-02-11,59639
Togo,2022-01-05,4852
Palestine,2022-01-03,3012
Maldives,2022-01-25,2725
Chile,2022-02-08,57478
Honduras,2022-01-11,17619
Jordan,2022-01-06,35491
Slovenia,2022-02-06,3038
El Salvador,2022-01-04,6723
Saudi Arabia,2022-01-28,260084
Jamaica,2022-01-14,3627
Somalia,2022-02-02,1578
Gambia,2022-01-03,2159
Papua New Guinea,2022-02-08,991
Low income,2022-01-15,463000
Aruba,2022-01-13,63
Bhutan,2022-01-06,312
Cayman Islands,2022-02-11,0
Low income,2022-01-13,513269
North America,2022-02-12,1225084
Europe,2022-01-26,2853788
North America,2022-01-07,1820616
Wales,2022-01-19,8328
United Kingdom,2022-02-12,68378
Grenada,2022-01-18,154
Japan,2022-01-22,168470
Saudi Arabia,2022-01-24,224833
France,2022-01-06,451266
Germany,2022-02-16,156566
India,2022-01-17,7377220
Costa Rica,2022-01-27,11817
Slovenia,2022-02-18,1482
Chile,2022-02-14,66108
Belarus,2022-01-21,56244
Tajikistan,2022-01-16,65092
Serbia,2022-01-20,5985
United Kingdom,2022-01-07,218745
Libya,2022-01-06,10359
Denmark,2022-01-03,53531
Hong Kong,2022-01-10,39191
Kyrgyzstan,2022-01-24,9249
Indonesia,2022-02-19,1252137
Jordan,2022-01-10,35491
Nicaragua,2022-01-03,25239
Nepal,2022-01-02,219116
Panama,2022-02-06,14959
El Salvador,2022-01-12,15221
Anguilla,2022-02-03,31
Venezuela,2022-01-16,126261
Malaysia,2022-01-02,144755
Mali,2022-01-26,
Myanmar,2022-02-12,136070
Nicaragua,2022-01-09,24388
High income,2022-01-26,5089430
Costa Rica,2022-02-07,14700
Latvia,2022-02-03,4224
Bangladesh,2022-01-25,921334
Dominican Republic,2022-02-07,26935
New Zealand,2022-01-19,42197
Czechia,2022-02-09,16993
Uganda,2022-01-22,29203
European Union,2022-01-14,3268022
Upper middle income,2022-01-21,9493064
Lebanon,2022-01-08,24634
Iran,2022-01-08,447861
Malta,2022-01-26,2898
Grenada,2022-01-24,123
United Kingdom,2022-01-08,260816
Maldives,2022-01-24,2650
Kenya,2022-01-02,77129
Bangladesh,2022-01-20,1846702
Afghanistan,2022-01-25,9368
Lithuania,2022-01-15,11531
Belarus,2022-02-03,33230
Guyana,2022-02-12,1266
Paraguay,2022-02-12,25224
Panama,2022-01-15,25641
Trinidad and Tobago,2022-01-27,1815
French Polynesia,2022-01-15,722
Samoa,2022-01-13,81
Aruba,2022-01-07,56
Sudan,2022-01-23,12883
Greece,2022-02-05,39308
South Sudan,2022-01-16,1556
France,2022-02-04,213472
Mauritania,2022-01-14,6733
Denmark,2022-01-27,16189
Turkey,2022-02-19,122656
Zambia,2022-01-15,29840
England,2022-01-22,96872
Bulgaria,2022-02-12,5741
Albania,2022-02-12,4008
Seychelles,2022-01-06,347
Mongolia,2022-01-19,5135
Northern Ireland,2022-01-14,6579
Liberia,2022-01-19,1580
Belgium,2022-01-10,125820
Thailand,2022-01-27,401917
Estonia,2022-02-08,1590
United Arab Emirates,2022-02-14,20769
Thailand,2022-02-08,266270
Fiji,2022-02-08,242
Laos,2022-02-02,48048
Slovenia,2022-01-08,6862
Azerbaijan,2022-01-10,21724
Namibia,2022-02-10,846
Cambodia,2022-01-12,78287
England,2022-01-10,220651
Europe,2022-01-04,3209416
Bahrain,2022-02-09,1953
Honduras,2022-01-24,37750
Cook Islands,2022-01-10,5
India,2022-02-05,6102269
Scotland,2022-02-01,8250
Cyprus,2022-02-02,7036
Oceania,2022-01-24,334768
Mauritius,2022-02-17,
Bulgaria,2022-01-09,21695
Libya,2022-02-07,9809
Niger,2022-01-16,3512
Costa Rica,2022-01-07,18714
Bahamas,2022-01-31,350
India,2022-01-11,9358811
Russia,2022-01-06,71079
Indonesia,2022-01-12,1252137
Luxembourg,2022-01-13,6538
Montserrat,2022-01-26,21
Scotland,2022-01-16,19377
Austria,2022-01-31,28024
Poland,2022-01-21,162504
Kosovo,2022-02-09,1805
Malawi,2022-02-06,1320
Suriname,2022-01-13,309
Tanzania,2022-01-09,33124
Cyprus,2022-01-25,3793
Latvia,2022-01-13,9991
Canada,2022-01-04,284736
Ethiopia,2022-01-10,1513
Isle of Man,2022-02-11,71
Libya,2022-01-30,10582
Argentina,2022-01-02,292377
India,2022-01-29,4767597
Guatemala,2022-01-16,92067
Lower middle income,2022-02-13,9949730
Israel,2022-01-10,75817
Italy,2022-01-06,431259
Italy,2022-01-09,582279
Hungary,2022-01-08,21208
Switzerland,2022-01-05,48083
Czechia,2022-01-22,43472
Bhutan,2022-02-07,3692
Trinidad and Tobago,2022-01-20,2106
Cambodia,2022-02-08,41568
Scotland,2022-02-09,5747
South Korea,2022-01-27,302904
Hungary,2022-01-11,25667
Guinea,2022-01-07,66683
Lower middle income,2022-01-25,13620142
Yemen,2022-01-11,1926
Australia,2022-01-17,283921
Antigua and Barbuda,2022-01-28,79
Kazakhstan,2022-02-18,345153
Algeria,2022-01-21,16222
Uganda,2022-01-04,136612
Bahamas,2022-02-02,316
Liechtenstein,2022-01-07,235
Malta,2022-01-25,3061
Montenegro,2022-02-04,428
Philippines,2022-01-08,531791
Brunei,2022-01-16,3143
Trinidad and Tobago,2022-02-17,1550
Ecuador,2022-02-12,68865
Argentina,2022-01-25,411449
Latvia,2022-01-06,6915
Russia,2022-01-31,272504
Kosovo,2022-02-11,1408
South Korea,2022-01-08,452615
Yemen,2022-01-18,2512
French Polynesia,2022-01-02,252
Jamaica,2022-02-06,2282
Norway,2022-02-05,15723
Laos,2022-01-08,35334
Brazil,2022-02-04,1040783
Algeria,2022-01-18,16222
Japan,2022-01-23,175639
Estonia,2022-02-02,2394
Samoa,2022-01-11,57
Romania,2022-01-19,17629
Upper middle income,2022-01-30,9582099
Curacao,2022-02-18,122
Iraq,2022-02-02,39665
Hong Kong,2022-01-26,43035
Gibraltar,2022-02-02,80
Spain,2022-01-21,237378
Montserrat,2022-01-16,46
United Arab Emirates,2022-01-19,26734
Indonesia,2022-01-09,1252137
World,2022-02-06,18537264
Nicaragua,2022-01-07,21715
Belize,2022-02-04,612
Mongolia,2022-01-29,2230
Guatemala,2022-01-22,86333
Russia,2022-01-10,118698
Seychelles,2022-01-14,347
Gibraltar,2022-02-05,68
Peru,2022-01-15,238894
Switzerland,2022-01-25,38540
Mauritania,2022-01-25,5385
Brazil,2022-02-09,1173982
Croatia,2022-02-10,4385
Chad,2022-01-18,2168
Turkey,2022-01-24,194336
Morocco,2022-01-14,58565
Macao,2022-01-23,2592
Myanmar,2022-02-09,117521
Mozambique,2022-01-23,142755
Moldova,2022-01-19,4937
France,2022-02-11,194507
Bolivia,2022-02-07,30285
Bulgaria,2022-01-29,8600
Italy,2022-01-30,502130
Slovenia,2022-02-10,2133
Jordan,2022-01-31,15261
Iraq,2022-01-14,57336
Cook Islands,2022-02-06,6
Cape Verde,2022-01-30,2853
Spain,2022-01-15,238444
Afghanistan,2022-01-21,8355
Israel,2022-01-31,10571
Netherlands,2022-02-14,15487
British Virgin Islands,2022-01-28,6
Slovenia,2022-02-13,1899
Taiwan,2022-01-26,355421
Guinea-Bissau,2022-01-03,93
China,2022-01-03,10479429
France,2022-01-23,346955
High income,2022-01-06,5071908
Equatorial Guinea,2022-01-07,49
Uruguay,2022-01-28,17415
